risk_score,age,horizon_years,goal_encoded,monthly_sip,income_category,fund_category
4.4,46,15,2,45232,0,2
8.5,55,2,3,38319,0,2
3.1,64,30,2,2399,2,6
4.5,43,21,1,23983,2,6
6.1,46,18,1,6175,1,6
7.7,64,21,3,12685,0,4
1.0,28,19,0,33659,2,1
4.3,41,5,2,19615,1,6
5.7,32,26,1,23919,0,2
2.8,30,7,2,28390,1,1
3.9,45,25,2,24276,0,2
2.1,61,24,2,8494,1,6
2.3,34,27,0,29173,1,6
6.3,28,24,2,13188,2,2
7.3,20,20,3,47511,2,4
7.1,42,18,2,22418,1,4
6.0,49,27,2,43516,0,2
9.1,37,30,2,3057,0,5
3.1,38,16,3,22899,2,6
5.4,25,27,2,49877,0,2
2.6,45,30,0,17953,0,1
3.8,49,23,0,20278,1,1
5.7,19,26,0,28251,0,2
1.0,53,13,3,2868,1,1
5.9,39,26,1,31524,1,6
1.5,47,15,2,40234,0,1
1.7,26,12,0,1581,1,6
6.0,39,29,2,8630,1,6
5.3,43,26,3,29722,0,4
5.5,22,13,3,28163,2,4
8.4,29,3,0,38804,1,6
4.5,27,26,1,917,2,6
2.6,26,24,3,49316,2,5
7.8,58,30,0,45412,1,1
9.6,48,20,2,5986,0,5
9.8,31,26,0,24214,2,5
3.0,26,18,2,19565,1,6
7.8,23,28,2,35078,0,4
7.7,25,29,2,42844,2,4
1.1,49,13,0,38178,0,1
3.7,18,21,1,41321,2,6
2.7,43,8,1,40751,1,6
3.4,30,14,2,45945,1,1
8.0,35,15,0,24333,2,4
7.2,22,5,1,15606,0,2
2.9,18,17,3,43283,1,5
6.0,47,27,0,23428,2,1
6.3,47,15,2,10709,0,2
5.4,37,24,0,27669,1,2
2.2,25,4,3,43179,0,5
2.6,38,6,0,39644,1,6
2.4,65,29,0,30221,0,1
7.5,43,14,2,46891,2,4
3.4,54,28,1,1562,0,1
5.3,53,15,1,14869,2,6
9.9,54,25,0,27785,0,1
5.7,57,5,3,9611,2,2
7.5,28,8,1,47014,0,4
3.6,54,30,2,32754,0,2
3.3,54,9,0,28034,1,1
2.6,52,1,3,36659,1,1
6.7,21,25,0,17949,0,4
4.2,64,23,1,18881,0,2
6.6,47,7,2,33687,0,4
4.1,55,13,2,29986,0,2
7.2,53,26,2,35384,2,6
1.9,50,15,3,34095,2,6
4.8,46,14,3,3868,1,6
3.0,32,21,2,10024,0,1
5.3,44,17,3,46494,2,6
6.7,45,18,0,28196,2,4
4.6,36,30,3,3217,0,2
5.3,47,6,2,12842,2,2
4.7,20,24,2,11182,2,2
7.5,63,11,3,41624,1,4
6.2,35,2,0,23736,2,4
3.7,39,12,3,46148,1,6
4.6,26,22,1,41901,0,2
6.9,29,23,0,41309,1,4
4.8,45,30,1,36897,1,6
7.5,56,8,2,29269,2,6
5.5,62,11,1,47804,1,6
1.7,61,12,2,20433,1,6
5.9,41,19,3,12754,0,2
7.0,49,10,3,5306,0,4
9.5,35,30,3,26010,2,5
4.1,40,12,2,29035,0,2
9.9,30,13,1,49043,2,5
4.6,47,25,2,3930,0,2
9.2,32,9,2,15652,0,4
5.2,30,2,0,24762,2,1
9.6,23,5,0,8745,2,6
9.1,52,6,0,7787,0,1
9.6,29,10,0,47042,0,5
3.0,30,28,0,21952,0,1
7.6,41,19,3,20123,0,4
8.9,62,26,0,49638,2,5
1.1,49,13,1,10382,0,1
4.9,51,28,3,35650,1,6
5.3,39,26,3,49646,1,2
3.9,32,19,2,29741,2,2
3.0,19,15,1,3593,2,1
3.5,20,27,0,13357,1,6
2.7,34,29,0,9211,2,6
5.2,47,14,2,12036,1,6
3.8,30,17,3,27089,1,4
1.9,34,12,0,39059,2,1
4.2,50,13,3,43701,1,2
1.3,23,9,2,26515,0,1
5.9,39,26,2,33782,2,6
9.8,53,13,3,28880,2,5
1.7,52,29,0,16809,2,1
7.9,41,18,0,15782,0,4
9.2,29,3,0,33797,0,4
8.7,62,9,1,31023,0,4
6.9,18,8,3,32919,0,4
5.0,25,11,3,23540,0,4
6.3,32,6,3,18158,0,5
1.8,50,17,2,34497,1,6
5.7,40,12,1,12615,2,2
5.0,22,15,1,48820,2,6
8.2,21,1,0,32390,2,2
4.7,65,13,0,20114,0,1
8.8,18,24,1,42281,2,5
4.4,61,6,1,44798,2,2
8.3,42,12,0,16853,0,4
4.9,33,15,0,22127,2,6
3.6,44,29,2,13967,2,2
8.7,56,13,2,4154,2,5
6.7,30,23,1,24169,0,4
3.1,54,4,1,40075,2,1
8.8,50,23,0,49604,1,1
9.9,52,7,0,28982,1,1
3.5,63,4,3,47320,0,1
1.6,49,21,3,35003,1,6
5.0,25,22,3,30637,0,4
7.0,37,3,3,16401,0,2
3.3,25,7,3,11523,1,5
5.6,20,20,1,18573,1,6
8.4,52,30,3,45533,1,4
9.6,35,10,0,9484,0,5
2.3,51,8,0,40405,0,1
8.7,49,29,2,21233,1,6
7.3,26,23,2,45436,2,4
3.1,46,20,3,12911,1,6
7.6,39,5,1,4981,1,2
3.2,38,21,1,47576,0,1
8.8,65,28,1,21723,2,5
7.2,65,29,0,24061,1,1
1.6,41,13,2,48184,0,3
5.6,57,26,2,48855,2,6
4.8,64,16,3,24388,2,2
9.6,27,21,3,25727,2,5
9.4,26,25,3,39214,1,5
3.6,49,30,2,49690,0,2
1.5,39,22,2,44041,0,1
4.7,54,29,0,9206,2,1
8.3,61,5,2,17332,2,2
8.1,53,22,1,19533,1,4
8.9,54,26,3,10096,1,6
8.1,37,17,2,44090,0,4
3.4,36,17,2,6497,2,6
4.0,50,18,2,2151,0,2
2.1,23,15,1,49498,0,3
7.3,62,19,0,18333,2,1
1.7,56,7,1,29812,0,1
3.5,59,30,1,9935,2,1
5.4,60,20,1,19181,2,6
6.0,24,21,1,12429,1,6
6.5,58,1,1,29800,2,5
7.4,34,2,1,12985,1,2
5.9,41,15,3,31151,2,2
5.7,57,21,2,18633,1,2
5.8,52,6,2,49063,2,2
6.2,38,8,2,21884,2,2
9.1,60,8,1,44436,0,4
2.1,28,14,2,40451,0,1
1.1,42,3,0,27319,0,0
7.8,28,2,2,46943,0,2
3.2,51,9,2,13730,1,6
2.1,33,2,1,37846,2,1
3.7,38,3,0,28776,0,1
7.0,40,27,2,18261,1,4
7.7,43,6,2,18851,0,2
8.5,36,15,3,4993,1,4
3.0,31,30,0,6327,2,1
8.2,47,12,2,1278,1,4
7.0,34,2,3,44596,0,2
9.5,55,20,0,12966,2,5
5.6,40,6,1,2761,0,2
6.6,31,3,3,31019,0,5
6.1,59,11,1,27505,0,2
7.3,36,11,0,44699,2,6
1.0,44,14,2,36320,2,1
4.8,37,17,0,17215,1,6
2.2,26,25,2,47119,2,1
3.7,18,23,0,2498,1,6
4.6,62,23,0,37288,1,1
6.2,53,28,0,43403,2,1
4.4,52,11,2,47058,2,6
7.2,62,18,0,7569,2,4
2.3,47,10,0,2669,0,1
2.4,34,13,3,40419,1,5
3.3,38,14,2,26632,2,6
9.9,35,8,1,47340,1,4
6.4,62,15,3,10985,0,2
5.6,61,12,3,30035,1,6
6.2,31,27,1,21583,2,2
3.7,25,19,2,49433,2,6
7.2,59,30,0,18111,1,1
1.0,20,1,3,33292,0,5
1.8,26,2,1,49011,1,0
8.8,19,8,0,12949,1,6
3.6,44,22,0,24282,0,2
7.5,49,30,1,15869,1,4
2.3,40,8,1,9727,2,1
8.0,35,22,1,23236,2,6
6.1,51,12,3,31831,1,2
4.5,44,25,3,23978,1,2
3.4,37,19,2,1816,1,6
1.0,24,9,0,2757,0,1
6.5,51,9,3,25851,2,2
1.4,30,25,0,4713,1,1
4.7,42,3,2,35332,1,6
3.0,45,26,3,4366,1,1
5.7,29,16,3,48158,0,4
4.6,21,8,2,29072,0,2
5.8,37,18,2,49929,0,2
5.7,21,15,2,9182,0,2
1.1,58,11,3,34964,1,6
5.9,63,13,2,2257,2,6
3.2,23,9,3,13367,2,5
2.9,35,26,1,1119,2,6
8.0,53,15,1,23860,2,4
9.3,59,11,0,19101,1,1
2.4,44,2,2,2676,0,0
8.1,46,20,0,1605,0,1
2.6,51,24,0,27036,0,1
9.1,43,8,0,5057,2,6
1.6,21,26,2,45526,0,1
5.6,40,21,3,23655,2,2
2.8,56,6,0,12080,2,1
6.5,47,30,0,23564,2,3
2.3,33,27,2,10514,1,6
3.7,42,27,0,11608,1,6
8.2,64,23,1,33434,0,4
7.3,29,16,2,27232,2,4
2.1,31,26,0,5269,0,1
5.3,57,13,3,2355,1,6
7.1,54,8,2,49579,2,4
3.8,44,12,0,20052,0,2
1.5,64,7,3,39700,0,1
9.5,58,25,3,39056,1,5
4.6,20,10,1,32588,2,2
3.7,37,12,2,29767,2,6
3.8,53,27,3,19189,0,2
6.6,47,25,0,41743,0,1
7.1,65,6,0,38205,1,1
4.9,36,24,3,45316,2,6
3.2,63,5,2,5539,1,6
8.2,36,4,2,43826,0,2
2.9,60,25,2,38756,0,1
5.0,60,5,2,47695,1,2
9.3,32,1,2,36342,1,4
7.5,64,20,2,17686,0,4
8.5,63,23,3,49016,1,4
2.7,22,10,2,11204,2,6
5.4,62,17,2,36955,0,2
3.2,27,15,3,25190,1,5
6.5,26,15,0,19889,0,2
5.8,30,16,0,29416,0,2
4.8,34,11,0,32630,2,6
8.9,58,19,3,44454,1,5
8.2,65,2,3,36987,1,2
9.9,37,29,2,26845,0,5
4.1,49,27,1,3806,1,4
6.3,54,16,0,36122,1,1
2.4,33,23,2,11638,0,1
2.8,57,13,2,11125,1,1
9.6,55,25,2,12726,1,5
8.0,32,4,3,10506,2,2
8.9,52,15,0,19759,1,5
8.6,28,1,1,21872,1,4
1.4,30,17,2,46567,2,1
6.6,49,4,3,31426,2,6
7.1,60,25,3,48675,2,4
8.7,59,20,1,14732,1,5
7.2,42,9,1,19389,1,4
2.5,37,18,3,12692,2,6
6.3,55,2,3,24489,1,6
3.2,63,30,2,19450,0,1
7.2,48,23,0,34498,2,1
6.0,51,18,2,35679,1,6
9.7,57,12,3,35210,2,5
2.9,39,4,2,38725,1,6
6.2,57,14,3,24406,1,2
4.1,35,19,3,46491,0,4
5.4,33,9,2,37183,1,2
2.8,34,17,0,6009,2,6
2.2,45,21,1,24463,2,1
8.2,20,27,3,30372,2,4
3.4,30,13,2,3485,1,1
9.5,40,14,3,26875,2,5
6.4,56,13,3,35024,1,6
5.6,48,21,2,43891,1,2
7.5,31,25,0,28027,2,4
7.1,38,8,2,10283,1,4
4.0,19,8,2,42330,2,3
3.5,30,20,1,3859,0,1
4.1,57,1,2,13755,1,6
5.5,41,30,1,11741,0,2
2.9,61,26,2,6805,2,1
4.1,42,20,0,1127,1,6
6.3,22,6,0,30046,2,3
9.5,25,23,2,5168,0,7
7.3,47,11,3,39519,2,4
4.9,64,2,2,39954,0,7
8.4,55,3,0,47611,1,1
4.4,32,22,0,49920,0,2
3.8,23,6,2,30643,1,2
7.0,34,3,2,18823,2,2
4.7,31,5,3,29634,2,3
1.9,25,24,2,45726,2,6
7.8,35,18,0,16744,0,4
7.9,23,10,1,28930,1,4
9.7,21,17,0,42438,0,5
10.0,29,23,1,49876,1,5
2.4,62,24,3,29666,0,1
1.7,28,11,0,7048,1,3
6.2,35,3,0,8878,1,6
1.6,44,27,2,33266,2,1
3.3,25,5,1,38083,1,1
4.0,53,15,1,24838,0,2
7.1,22,22,3,16928,2,4
4.7,23,20,2,36674,0,2
9.9,30,10,0,47186,2,5
4.9,27,2,1,35631,0,1
5.7,29,17,0,18255,0,2
9.7,20,12,2,3037,2,5
7.2,57,1,0,34283,0,1
2.7,42,2,3,6043,0,0
2.6,44,2,2,5697,1,1
4.1,29,22,3,6073,0,4
3.7,49,13,2,10115,2,6
2.1,63,15,3,25756,1,1
7.4,34,28,2,38497,1,4
7.0,22,28,2,16460,2,4
9.0,20,1,2,27181,0,4
6.2,29,20,0,36412,2,2
6.6,39,11,2,20923,1,4
5.3,31,11,1,46621,2,2
5.9,64,24,2,21246,2,2
1.5,42,29,1,36905,0,1
3.9,60,15,0,5133,0,1
4.6,32,14,3,48844,2,4
2.2,58,10,1,18348,2,1
7.3,21,1,2,46012,0,2
3.7,33,3,2,16622,2,6
8.1,29,30,3,30725,1,4
4.6,54,18,2,8433,0,2
3.0,60,30,0,25346,1,1
1.4,28,4,2,13509,0,3
8.8,56,28,3,12966,2,6
4.4,24,29,2,26978,2,6
8.6,37,15,3,43174,0,7
8.0,51,9,1,44939,0,4
2.1,65,14,0,3436,2,1
7.0,44,15,0,31451,0,4
2.5,37,22,1,19781,1,6
3.9,43,14,1,45929,0,2
4.8,50,19,3,46247,0,2
1.5,45,16,2,21423,0,3
7.0,60,11,2,1875,1,4
8.4,59,7,1,47011,2,4
3.4,45,17,3,23964,1,6
2.6,52,1,3,6150,1,0
6.3,33,2,0,47494,2,2
3.8,62,6,0,6253,1,3
8.3,32,4,2,1691,0,2
9.0,46,13,3,5533,0,5
2.2,30,4,3,13440,0,1
9.4,31,26,2,20970,2,5
5.5,52,18,2,3433,0,2
9.1,31,17,2,36185,2,6
5.9,62,13,2,32398,1,2
5.6,51,28,2,13886,1,6
8.0,24,9,0,37236,0,4
8.6,61,23,0,46702,2,1
9.4,64,30,2,8807,1,7
1.4,23,27,2,37925,2,1
5.9,18,2,1,37442,1,7
3.2,34,5,1,16460,1,1
3.3,19,4,0,6554,1,6
8.8,19,9,2,35927,1,6
2.1,21,29,1,24334,2,1
3.5,30,24,1,36009,0,1
1.3,24,24,1,14429,2,6
1.1,29,10,2,32939,2,1
4.9,52,30,1,13776,1,2
3.8,40,25,2,18017,1,6
2.5,18,27,0,47528,2,6
2.8,24,12,2,40225,0,1
7.7,37,1,1,11240,1,2
1.4,62,23,3,38606,0,1
6.7,46,2,0,23610,2,1
8.4,47,4,0,7599,0,1
7.4,63,27,1,21618,1,4
3.2,55,9,0,17227,1,1
2.5,65,30,3,19885,2,1
2.8,31,17,0,9426,1,1
1.8,43,25,1,653,1,6
4.1,60,17,2,25741,2,6
1.2,33,16,1,7867,0,1
1.2,37,3,3,567,0,0
7.0,38,28,3,43419,1,6
5.4,57,2,3,32855,1,4
6.4,57,7,3,40995,2,3
7.4,54,9,2,22969,0,4
7.3,55,12,2,36577,1,4
4.4,39,25,3,2744,2,6
5.8,28,28,0,1239,1,2
2.2,47,7,3,31435,2,6
6.0,55,24,2,48747,0,2
3.2,44,10,1,17900,1,1
4.9,38,2,1,31906,0,7
3.1,40,20,0,49790,1,1
7.8,33,1,3,21771,1,2
6.0,29,2,2,5263,1,4
7.9,49,15,0,10112,0,1
3.7,32,16,3,27700,2,4
9.6,47,29,2,5211,2,7
4.5,52,5,1,1377,1,2
7.9,27,11,0,33922,1,4
4.6,51,4,0,28086,0,2
5.0,32,28,1,36675,0,2
1.1,55,23,1,9124,2,1
4.8,51,23,3,21668,1,6
1.7,29,23,0,18731,2,6
8.6,36,30,0,16261,1,7
4.1,27,10,0,45504,2,2
2.7,38,17,0,1668,0,3
6.5,46,11,0,37143,1,1
1.5,55,22,0,41615,0,1
1.7,20,25,2,34265,0,1
9.2,34,29,1,11014,2,7
7.7,22,7,1,22376,1,4
3.0,41,14,0,22060,2,6
5.4,52,22,2,36660,0,2
6.1,35,27,2,31140,0,2
7.5,25,19,2,38785,1,4
1.5,21,15,3,31436,0,5
5.7,61,26,0,38583,2,1
2.9,61,15,1,21305,1,6
3.3,19,4,1,40666,0,1
4.8,21,25,0,33955,1,6
3.1,34,9,1,4332,0,1
7.5,37,7,2,34304,0,4
3.3,43,11,1,36154,0,1
5.5,51,18,3,49548,2,6
4.9,46,8,0,25124,0,3
2.2,65,12,1,25162,0,1
2.2,37,24,0,31054,1,6
8.5,43,16,2,18812,0,4
1.7,50,21,2,18009,1,6
7.8,37,3,2,17958,1,6
3.8,38,17,2,15673,0,2
7.0,33,1,3,47000,2,5
4.8,63,25,2,5051,0,4
4.9,46,16,0,49233,1,1
5.7,65,6,2,31233,0,2
7.7,22,10,2,42525,0,4
8.3,23,21,1,25901,1,4
1.3,62,30,0,8438,1,1
3.0,57,16,2,35268,2,6
9.9,35,2,2,41756,1,4
6.5,49,4,3,11237,0,2
4.8,18,5,3,21286,1,2
4.3,19,21,3,35699,2,4
2.7,65,14,1,24110,0,1
6.7,24,14,2,38399,2,4
8.9,46,29,1,3009,0,5
6.9,59,6,0,30045,1,1
1.8,51,12,0,16233,0,1
1.8,43,2,1,21559,0,0
8.1,49,18,0,18529,0,1
5.8,30,3,1,49964,1,6
2.4,53,8,3,38945,1,6
7.5,36,5,2,7362,2,2
5.0,36,1,2,9219,2,7
1.3,60,23,0,2270,1,1
8.2,55,10,3,21637,2,4
9.4,31,22,2,6282,2,7
9.4,51,3,1,19062,2,4
9.7,47,4,0,21108,2,1
10.0,63,29,2,48099,1,5
10.0,48,19,3,8461,0,5
8.3,38,27,1,21358,1,4
3.0,63,22,2,20113,0,1
9.6,48,11,2,30325,0,5
7.0,42,2,0,9741,1,2
7.9,51,22,2,42688,0,4
5.9,29,13,0,8669,2,2
9.6,49,18,2,9495,0,5
4.8,43,18,0,12426,0,2
8.6,56,24,0,3013,2,5
6.4,51,20,0,41143,1,1
5.9,57,30,3,3350,0,2
7.0,55,3,3,6585,2,2
4.2,48,24,2,19549,0,2
2.1,54,26,0,23254,1,1
3.7,29,15,2,17822,0,2
8.6,28,28,3,14517,2,5
7.1,20,21,2,46657,2,4
4.4,21,28,1,27067,0,2
9.0,31,3,3,29783,0,4
4.2,41,6,2,11595,0,2
9.6,57,28,2,43464,1,5
9.0,25,4,2,14935,0,4
8.3,56,28,2,10177,0,4
4.4,37,19,3,9563,2,6
2.7,42,20,1,16262,2,6
2.9,27,19,1,5641,2,6
7.0,64,2,0,17108,1,1
7.9,60,20,0,47131,0,1
7.3,20,28,1,25002,1,4
4.4,57,2,3,7746,2,5
6.8,27,6,3,21094,0,5
3.1,42,11,1,37993,2,6
7.0,55,11,2,33063,2,4
9.3,65,26,3,25532,0,5
8.2,32,8,2,18452,1,6
9.7,60,22,0,49280,2,5
1.8,34,20,2,46868,1,1
8.2,37,16,0,16390,1,4
9.0,49,25,2,9093,2,7
7.9,49,30,1,23442,2,4
7.4,39,8,2,3335,2,4
1.9,40,14,3,16506,1,6
8.3,35,13,3,47822,2,4
7.8,34,8,3,43433,0,4
8.5,29,13,1,30010,1,4
6.5,24,26,3,23038,0,4
8.6,24,11,2,30323,1,6
1.6,34,21,3,22639,2,5
8.8,60,29,2,37045,2,5
3.2,27,28,2,46912,0,3
3.2,39,29,0,6122,1,6
1.7,53,17,0,34337,1,1
7.0,63,17,2,43648,0,4
9.2,29,28,3,46032,2,5
5.8,41,12,2,3434,2,6
2.8,41,16,1,41712,1,6
4.7,48,1,0,12188,1,1
7.3,28,15,0,29799,1,4
5.7,24,6,1,16254,0,2
2.4,47,30,0,12555,1,1
3.3,18,17,2,34214,2,1
3.0,64,10,1,16275,1,6
3.7,51,14,0,30836,0,1
1.1,23,19,3,29809,2,5
4.0,50,2,1,49890,1,6
2.3,36,9,3,47578,0,1
6.3,40,12,0,45148,1,2
9.2,31,4,3,47426,1,4
3.8,27,10,2,18885,0,2
6.0,27,22,3,46644,0,4
2.0,59,3,0,35438,2,1
8.3,19,5,0,3703,1,2
1.5,49,10,3,28863,0,1
6.6,60,20,3,1288,1,4
1.6,43,15,3,26458,0,1
3.0,42,19,2,24477,0,1
4.0,51,8,2,4892,1,2
1.0,31,6,3,16416,0,4
8.3,59,26,3,9925,1,4
8.2,26,30,1,40328,0,4
8.3,65,16,2,43720,2,4
2.2,36,17,0,11840,1,1
3.6,41,30,1,11392,1,6
5.9,60,17,2,1812,1,6
2.8,63,6,1,19180,1,6
4.2,26,2,0,3914,0,4
9.4,35,15,0,7222,1,5
5.8,54,23,3,20113,0,2
4.2,34,6,3,24756,1,5
7.0,27,4,3,43505,0,5
5.6,26,30,1,2225,2,6
5.4,47,18,3,1909,1,6
4.0,25,2,1,43581,2,3
8.9,43,17,2,32458,2,7
5.3,45,1,0,14162,1,7
6.5,37,15,2,26234,1,2
8.1,29,4,2,15228,2,2
1.6,60,18,2,3301,1,6
8.0,52,1,0,13138,1,1
9.7,51,15,1,4977,2,5
6.6,23,14,3,16045,0,4
2.9,59,29,0,10295,0,1
6.0,42,18,1,45812,0,2
8.9,55,14,0,5393,0,1
2.3,53,27,2,33592,0,3
8.7,59,4,0,42529,1,4
2.5,42,15,1,2059,1,6
8.3,46,25,0,15582,1,1
3.9,18,22,1,21184,1,6
6.8,24,10,3,1213,1,4
5.7,58,30,0,24484,0,1
2.4,60,29,1,35243,0,1
1.3,63,10,2,5012,2,6
5.8,42,28,0,16642,1,2
1.5,63,21,1,29818,2,1
2.1,55,22,0,34846,2,1
7.5,45,1,3,32087,2,2
6.7,60,30,1,18732,0,4
6.1,28,1,1,44611,2,4
2.5,43,6,2,37156,0,1
2.6,34,7,1,6583,2,1
6.5,32,5,3,47085,0,5
2.7,48,27,3,37876,2,1
9.6,65,3,2,25928,0,4
10.0,20,1,3,11824,1,4
6.9,55,7,0,12436,0,1
1.1,51,17,3,21446,2,6
7.2,40,30,3,18515,0,4
6.0,43,1,3,31785,1,4
5.9,18,10,0,3190,2,2
4.8,65,21,2,15650,1,2
1.6,63,20,1,37084,1,6
8.7,34,5,0,1132,0,4
4.5,28,24,3,49171,0,5
6.2,60,16,2,28583,0,2
5.7,18,12,1,47388,2,2
3.7,36,18,1,26245,0,2
4.6,33,20,0,43651,0,2
4.4,26,9,1,38309,0,2
6.6,40,27,1,26237,0,4
7.2,49,24,1,31976,2,4
1.3,41,5,0,32324,1,6
8.9,60,18,3,6039,1,5
7.7,47,7,1,7998,2,4
7.1,62,26,3,3735,0,4
7.9,36,9,0,30913,2,4
6.0,36,1,3,8595,1,1
9.6,26,26,1,19267,2,5
3.7,49,18,0,34741,0,2
6.1,63,22,0,15280,1,1
3.5,30,15,2,33705,0,1
9.4,23,8,3,35596,2,4
4.9,20,27,3,41529,1,5
2.0,45,28,1,8709,2,6
9.5,60,11,2,35283,1,5
1.9,49,20,1,8402,1,6
5.0,52,11,1,4523,2,2
8.5,36,11,0,29877,1,4
3.8,49,12,1,7525,1,6
1.1,65,20,1,24055,0,1
4.5,64,5,3,5425,0,2
9.0,59,1,2,42822,2,4
7.0,28,3,2,33914,0,2
1.3,34,4,2,48485,2,1
2.0,30,29,0,42425,2,1
7.6,36,29,1,3223,2,4
1.3,24,4,0,10138,0,1
1.2,60,7,0,18796,0,1
8.0,46,3,0,18171,0,1
3.6,37,25,1,30846,0,2
7.1,30,4,2,5855,1,2
6.3,58,20,2,23189,0,2
8.7,20,18,3,30050,1,5
7.4,52,1,3,20543,2,2
6.8,39,28,2,36663,1,4
2.2,50,26,1,39024,2,6
2.9,53,9,3,28951,2,1
5.8,46,3,3,573,0,6
9.7,53,2,1,46824,1,4
2.5,42,16,1,28554,0,1
5.7,29,2,1,14328,1,4
7.3,27,6,1,7544,1,2
2.0,52,10,1,43415,1,1
1.5,36,30,2,11088,2,6
2.2,41,25,2,28851,0,3
1.2,23,17,1,8472,1,1
4.7,35,5,0,26465,0,2
4.4,37,26,3,3270,1,2
6.2,32,22,2,41849,2,6
1.4,52,17,1,18533,1,6
9.8,35,26,3,44467,1,5
1.3,36,10,2,19391,0,1
5.6,48,17,0,12512,0,1
7.1,29,21,1,18439,1,4
1.2,59,9,1,47138,0,1
1.3,35,3,1,14063,2,0
7.4,36,21,3,21643,0,4
9.5,28,17,1,15176,0,5
8.8,51,12,0,1921,2,5
10.0,41,25,3,1091,1,5
7.2,32,18,2,34533,1,4
8.5,48,28,1,10911,0,4
6.3,46,24,3,12466,0,2
5.6,55,27,0,22199,2,1
4.4,37,14,3,17491,1,4
6.3,25,25,3,43539,1,5
3.3,61,14,0,38305,1,1
2.3,52,24,0,44163,0,1
3.7,23,23,0,1541,0,2
2.0,41,15,3,23552,2,6
9.4,44,1,3,13461,0,4
8.1,34,21,3,16265,0,4
3.4,32,5,0,31398,1,1
9.7,32,21,2,44452,2,5
7.1,47,24,2,8471,1,4
2.5,59,12,3,4098,1,6
5.9,59,4,0,27768,2,1
4.0,61,5,0,19143,1,3
5.8,20,19,3,9974,1,4
4.8,48,26,2,48657,1,2
4.8,19,26,2,25009,1,6
8.6,51,29,0,15110,1,5
6.5,64,26,2,46859,0,2
6.9,61,19,1,45151,1,4
1.1,25,14,1,38928,2,6
5.5,36,28,0,15503,2,2
1.8,54,7,1,2900,1,6
6.2,45,9,1,16457,1,2
3.6,65,21,2,21853,2,6
4.5,29,12,3,34086,0,5
3.5,31,28,1,48492,2,1
2.3,20,5,2,3308,2,1
7.7,39,16,2,13346,1,4
2.5,38,7,2,33833,1,1
8.7,43,21,0,30214,2,5
7.4,37,16,3,16565,2,4
3.5,31,5,0,38421,0,1
5.1,56,29,3,26825,1,2
4.1,29,24,2,44697,1,6
6.0,42,2,3,43095,1,2
9.3,31,14,3,34410,0,5
7.3,25,3,3,10096,0,5
4.0,48,13,1,35428,0,2
1.9,21,30,1,9298,2,1
1.2,65,27,1,12305,0,1
5.3,42,29,3,31999,0,2
6.3,42,23,1,45359,2,2
4.5,51,12,2,24751,0,2
3.5,46,23,3,3413,2,1
6.7,60,26,0,16268,0,1
1.7,37,1,0,46167,1,0
7.3,61,18,0,9988,2,1
2.0,49,5,1,2114,0,1
9.3,34,25,2,37632,1,6
3.8,59,27,0,31957,1,1
4.5,34,22,0,5117,0,2
9.6,51,8,1,1315,2,6
6.2,32,21,3,49586,2,4
6.9,41,7,1,32675,2,4
6.6,22,28,3,34022,0,4
8.3,39,4,1,21099,1,6
7.5,46,12,2,19894,0,4
8.9,49,1,1,4800,2,4
8.0,50,11,1,42725,0,4
5.6,54,29,1,25909,2,6
6.9,54,2,0,49081,1,1
3.4,63,5,3,39951,1,1
4.7,43,17,3,42517,0,4
8.3,23,27,3,36991,1,4
1.7,20,30,1,25862,2,1
9.2,57,22,0,15190,0,1
1.9,37,28,2,44707,2,1
7.3,39,28,0,49121,1,4
2.9,47,19,1,36551,1,1
1.4,28,16,0,33592,1,6
5.9,64,4,1,8515,0,2
6.6,62,13,1,9970,1,4
8.1,38,27,2,35899,0,4
6.0,59,20,3,9384,2,2
2.6,34,16,1,21094,2,1
7.5,23,2,1,7265,2,2
6.9,33,19,3,26558,1,4
2.7,56,19,0,33096,2,1
8.0,32,26,3,28190,2,4
8.9,25,16,2,22496,1,5
5.9,21,24,2,8867,2,2
2.8,55,12,0,33577,0,3
1.1,24,2,2,10259,0,0
4.2,28,22,0,35683,0,2
9.7,30,15,3,32860,1,5
7.1,48,21,2,4164,0,4
9.2,62,23,3,36873,0,5
2.0,64,3,3,41935,1,1
3.7,64,5,0,47609,2,1
9.8,34,5,1,30489,2,4
6.6,28,20,1,24080,1,4
9.0,45,2,0,1324,0,4
6.4,65,3,0,48582,2,1
2.0,20,27,1,8465,1,6
7.2,38,30,1,22606,1,4
4.4,39,10,1,17826,0,2
1.6,44,22,3,3337,0,1
3.2,30,12,0,39607,2,6
8.7,62,24,0,48399,2,1
1.6,65,25,0,16275,2,1
9.2,27,3,0,2240,1,6
8.0,46,7,0,39464,0,1
6.8,19,6,0,46652,1,2
6.2,23,13,2,5389,1,2
3.8,37,28,0,38390,1,6
7.9,43,3,2,8119,2,2
1.0,63,10,3,37936,1,1
2.5,28,12,1,11024,1,1
2.2,20,12,3,25009,0,5
8.7,42,21,3,4274,1,5
6.2,55,12,2,37821,1,6
2.9,49,6,0,21895,2,1
10.0,53,17,0,39839,0,1
3.3,62,2,3,20512,0,0
2.2,31,25,3,28940,1,5
3.6,54,23,2,28863,0,2
8.1,35,26,3,49644,0,4
3.2,39,16,2,15938,1,1
1.4,26,22,1,45288,2,1
6.0,23,20,1,39793,2,6
2.9,19,28,0,49866,0,1
7.4,30,26,2,25959,2,4
7.5,26,26,3,2624,0,4
2.5,37,24,2,7940,1,6
5.9,57,1,0,41900,1,1
9.1,40,15,1,41932,0,5
4.8,21,22,1,33039,1,2
7.8,54,9,3,837,0,4
4.0,27,11,2,27509,2,6
6.4,45,22,2,37510,1,6
8.4,34,17,1,9611,0,4
8.8,26,6,0,11846,0,4
1.9,47,10,1,6267,2,6
1.0,44,2,0,26867,0,0
3.7,48,8,2,45857,0,2
5.3,62,30,3,12073,1,2
8.9,37,2,2,10886,0,4
9.8,59,16,0,26927,2,1
3.8,49,28,3,7950,1,6
4.7,37,22,2,1447,2,6
2.5,35,6,2,11667,0,3
8.6,55,9,3,10547,2,6
1.6,24,26,0,16297,2,6
2.6,55,16,3,11467,0,1
5.7,32,1,1,1531,1,5
5.2,55,8,1,46182,2,2
2.7,38,16,0,3799,1,6
2.5,59,16,0,11495,0,1
9.0,40,29,1,36056,0,5
7.0,62,1,3,32519,0,2
3.5,61,10,0,39378,2,1
3.3,61,10,1,28975,0,1
9.5,23,20,2,36575,2,5
1.4,44,20,0,20468,1,1
1.9,47,14,1,17150,2,6
8.6,49,11,3,21942,1,5
3.5,38,16,0,41256,2,1
8.1,56,26,1,8884,0,4
3.3,23,12,3,36682,1,5
1.1,48,2,3,25143,0,0
6.7,47,30,3,2438,2,4
9.7,23,9,2,6914,2,6
4.9,60,21,2,19299,1,2
8.6,58,25,3,9691,0,5
2.6,58,15,2,4103,0,1
2.7,55,3,3,46781,1,0
10.0,31,11,0,34453,1,5
9.8,25,30,2,38330,2,6
3.6,63,13,1,20368,1,2
4.8,50,7,2,22293,1,2
5.4,36,1,2,43498,2,3
8.2,33,5,2,20430,2,2
1.6,26,24,0,45276,1,1
5.4,26,12,1,19855,0,2
1.6,47,21,1,27695,1,6
8.4,29,11,3,32999,0,4
4.6,40,27,2,10138,2,2
1.4,26,20,0,27826,2,1
5.0,45,14,3,30243,1,2
9.1,64,7,1,19193,2,6
6.1,59,18,0,14705,0,1
7.8,44,9,0,23064,2,4
6.2,37,15,2,34797,0,2
4.3,45,25,0,17577,2,6
7.2,29,19,0,24741,2,4
5.8,43,29,1,38369,1,2
4.7,24,16,0,47630,0,2
1.1,30,7,3,10057,0,4
9.6,31,16,2,33512,0,5
1.6,22,19,2,47969,1,6
4.2,42,4,3,2274,2,2
5.1,50,4,2,8316,0,2
4.5,44,20,0,8531,0,2
7.5,33,1,0,21777,1,2
8.2,24,17,0,1048,0,4
7.0,33,20,0,20255,1,4
9.1,27,22,0,4402,0,5
1.9,43,21,1,24211,2,1
7.8,52,3,1,5528,1,2
2.0,26,16,1,23897,0,1
5.6,31,9,2,24314,1,6
2.2,24,18,1,29557,2,6
2.2,32,19,3,1801,1,4
8.6,35,16,2,3706,1,5
4.5,33,20,3,6614,2,4
6.5,50,9,0,19261,1,3
5.3,57,21,0,36272,2,1
1.7,61,14,2,4099,1,6
8.9,37,23,2,49147,2,5
3.9,40,18,2,5284,1,2
1.7,28,19,3,22644,2,5
4.4,49,26,1,23025,1,6
9.4,53,28,1,6039,1,5
3.3,23,5,2,15694,0,1
9.3,34,10,2,8882,2,7
4.6,56,10,0,24298,1,3
5.1,19,4,0,7234,0,2
3.4,47,12,3,10463,2,1
8.0,49,8,0,49312,0,1
2.0,24,17,3,45680,1,5
9.7,19,26,1,45313,2,5
6.6,40,22,3,21352,2,4
3.8,63,8,0,28849,2,3
5.8,27,18,0,14755,2,6
5.0,53,21,2,6950,0,2
3.6,20,10,1,49657,2,2
7.9,54,23,3,22108,2,4
9.5,46,18,0,40119,0,1
1.6,32,26,2,14388,2,1
7.5,26,4,0,25050,1,6
4.2,21,5,3,44916,1,2
9.9,22,6,2,9131,0,4
1.5,65,21,1,26011,1,6
9.5,46,23,2,41363,1,5
7.0,23,3,1,22652,2,6
9.8,34,24,2,11578,2,5
4.9,32,4,2,48671,2,2
8.8,52,15,3,14806,2,5
4.1,32,20,1,40294,1,6
4.7,19,4,1,37395,1,2
7.6,54,16,3,37646,0,4
1.4,58,2,1,5862,2,1
5.5,43,8,1,45358,1,2
9.5,47,9,0,32688,1,1
9.7,25,30,1,28394,1,6
9.3,33,6,1,15133,0,4
7.8,35,22,2,14893,0,4
9.9,39,23,3,25474,1,5
6.3,22,7,1,43836,2,2
6.2,52,26,3,20296,2,2
1.1,54,30,3,45127,0,1
3.7,22,2,2,34870,0,2
1.2,54,20,3,4151,1,1
7.2,30,23,1,3193,2,4
3.8,34,15,3,37583,2,4
9.5,40,25,1,611,2,5
7.1,53,15,1,24083,1,6
7.7,20,7,2,32919,0,4
2.0,32,16,0,38084,1,1
7.4,43,25,3,39738,1,6
7.4,26,13,3,25857,2,4
1.8,23,4,2,27984,1,1
8.0,52,26,0,1936,1,1
3.2,31,29,3,28238,0,5
3.3,33,15,3,7356,2,4
8.7,59,5,1,11980,2,6
8.1,56,14,0,13437,2,1
1.2,29,25,1,21455,0,1
5.7,42,28,1,14190,0,4
4.3,32,28,3,21807,2,4
9.0,44,1,0,10884,1,4
7.7,38,29,2,17241,1,6
1.4,46,19,3,24522,2,1
6.3,40,1,1,17173,2,6
3.8,43,26,0,28623,2,2
5.5,38,21,1,45576,2,2
9.9,18,8,0,46088,1,6
9.4,33,18,1,44658,2,5
3.3,44,15,3,16708,2,6
8.7,61,23,1,7168,0,5
4.8,34,4,1,48902,2,2
3.5,63,24,0,4855,1,1
2.5,25,23,1,44224,0,1
3.6,43,8,2,31194,1,2
8.0,35,13,0,5595,1,6
9.8,48,16,2,48915,0,5
1.1,49,13,0,39443,2,1
8.4,61,27,0,4436,2,1
9.6,37,4,0,4073,1,4
9.1,45,7,1,8126,2,4
1.1,29,29,0,6718,0,1
3.1,42,30,3,17873,0,1
2.5,44,16,0,5975,1,6
8.4,57,27,0,31135,0,1
7.3,48,2,3,35662,0,2
7.8,19,25,3,4774,2,4
6.2,38,29,3,23481,2,2
1.0,56,18,1,32777,0,1
5.7,48,19,0,46750,0,1
1.6,57,18,3,3551,2,6
9.6,54,27,1,45987,2,5
7.5,49,11,3,36676,2,4
8.3,50,4,1,31630,1,6
6.1,24,1,1,21829,0,2
7.9,59,17,2,20228,2,4
6.7,59,23,2,39237,0,4
8.2,32,28,1,24343,1,4
1.7,25,27,1,45441,1,6
9.9,41,24,1,10645,1,5
8.7,22,10,1,16511,1,5
4.8,24,7,2,26074,1,2
5.9,61,14,0,19095,0,1
8.5,30,12,2,16077,2,4
9.3,40,1,2,38055,0,4
2.5,62,26,2,15515,0,1
7.5,24,30,1,23542,2,4
1.7,35,1,1,13995,2,0
3.9,42,29,2,5423,1,2
8.9,23,1,2,41882,0,4
6.1,21,23,2,15564,0,2
2.1,39,26,1,18300,0,3
2.9,52,4,3,41321,2,1
9.0,59,3,3,40653,2,4
9.2,51,27,3,33459,0,5
1.1,40,29,1,17912,2,6
2.0,35,30,0,6352,2,6
2.8,30,25,3,48586,2,1
9.2,36,22,0,48469,2,5
3.9,26,8,3,17922,1,5
9.2,48,26,1,11623,2,5
1.1,18,28,3,21639,0,1
5.8,51,16,0,27332,2,1
2.1,36,15,3,13335,1,6
4.9,42,24,0,2483,2,2
4.8,42,15,3,43235,2,6
2.1,43,28,0,25442,0,1
3.0,32,30,1,34422,0,1
6.0,37,23,0,13649,2,2
8.2,56,22,1,36931,1,6
2.9,51,2,1,47147,2,0
7.0,19,22,3,1873,2,4
9.9,40,21,3,31304,2,6
9.8,38,15,1,28202,0,5
3.3,37,13,2,29102,0,1
7.6,26,21,2,18802,0,4
4.7,18,3,2,23695,1,6
2.1,48,29,0,39200,0,1
3.4,25,14,3,10102,0,1
4.9,50,24,2,6515,2,6
3.4,41,30,3,31817,0,1
6.1,52,4,1,16407,1,2
1.9,54,30,1,4818,0,1
4.7,41,18,1,22451,1,6
5.9,51,19,2,20961,2,2
1.6,55,25,0,30583,1,1
9.0,23,15,0,47159,1,5
7.5,26,15,1,3360,1,6
5.3,44,27,3,43297,1,2
1.8,29,25,0,22556,0,1
3.0,52,23,3,1482,1,1
6.1,50,26,0,49284,1,1
1.5,22,4,0,33192,1,6
5.9,29,20,0,31876,2,2
9.3,40,23,0,875,1,5
7.2,51,6,0,42532,1,1
6.0,57,17,0,20929,0,1
1.9,53,17,0,42776,2,1
6.5,58,15,3,29869,1,6
6.9,20,14,1,12942,2,4
2.4,48,18,3,26915,1,6
5.2,35,22,0,20075,0,2
7.4,26,25,0,46228,1,4
8.8,32,28,0,3957,0,5
9.8,45,27,1,39655,1,5
3.6,42,24,1,43116,1,6
4.5,36,11,1,21625,2,2
2.1,41,17,0,22177,2,1
3.5,64,12,0,19852,1,1
2.1,61,12,0,21114,1,1
6.8,19,23,2,26102,1,4
1.6,21,3,0,3346,1,6
3.8,52,10,1,23886,1,3
9.8,20,20,3,42685,1,5
4.7,61,21,0,27756,1,1
5.9,39,27,3,42565,1,2
5.8,35,1,3,19018,2,5
5.7,43,29,2,25563,2,6
2.5,30,4,3,6876,1,1
9.5,53,29,2,34594,1,5
8.4,31,3,1,11344,1,2
2.9,65,24,0,19894,0,1
9.7,30,17,0,13313,0,5
9.4,24,10,2,44085,2,5
2.6,47,2,1,31800,2,0
9.6,44,15,3,44401,1,5
3.2,44,10,1,10987,1,6
4.6,48,2,3,48733,0,2
6.0,22,12,1,25393,1,2
4.9,28,9,1,27571,2,2
5.6,55,1,2,48610,2,3
1.7,51,27,3,34246,1,6
4.7,20,10,3,10629,2,5
4.5,29,17,0,40112,2,2
5.6,25,8,2,6483,2,2
3.9,25,2,0,36279,2,4
2.2,43,3,2,38846,1,0
8.2,25,16,0,25867,2,4
9.7,33,10,0,19453,0,5
1.2,38,29,3,32883,0,1
7.1,58,11,0,36045,0,1
6.9,59,17,0,25552,1,1
9.9,57,3,0,3590,1,1
7.5,37,5,2,8235,2,6
8.6,57,16,0,2410,0,1
9.5,51,18,3,20829,1,5
4.0,55,1,3,28640,2,1
5.1,61,25,1,42820,2,2
7.5,22,26,0,39912,2,4
7.2,27,22,3,12364,2,4
4.4,59,5,2,26604,1,2
3.3,60,13,2,37381,2,1
3.9,41,17,1,31445,0,2
8.9,35,6,1,2107,2,4
4.9,24,14,0,19877,2,6
3.2,58,8,2,47927,1,6
2.5,40,30,0,10450,2,1
6.0,53,19,1,35891,2,2
8.2,39,7,1,9197,0,4
9.1,19,24,0,32335,1,5
6.3,31,22,0,39053,2,6
3.6,33,23,3,9326,2,4
4.2,37,2,0,22684,2,3
6.5,46,27,1,33561,0,2
4.8,33,24,0,22758,2,2
2.3,59,4,1,27021,2,1
9.4,64,24,3,37063,0,5
6.8,19,12,3,15937,0,4
8.0,62,4,1,28381,1,6
9.3,61,22,1,25933,1,5
3.6,41,29,3,16994,1,6
4.1,54,15,2,13607,2,2
8.2,33,27,1,33127,1,4
7.7,65,13,1,25943,0,4
8.1,63,10,0,2921,2,1
3.9,61,13,3,49491,2,6
2.7,56,15,0,35402,0,1
6.1,21,18,1,37622,0,2
4.2,63,16,2,47124,0,2
8.9,45,13,1,42471,1,5
4.6,65,11,1,45085,2,2
8.6,53,9,3,37392,0,4
7.2,34,14,0,12212,1,6
1.2,24,5,1,10184,2,6
8.9,53,27,2,15262,0,5
5.1,39,8,2,17088,0,2
2.3,23,28,2,22011,0,1
7.5,53,2,3,25492,2,2
5.6,57,3,1,8332,2,6
8.2,38,21,3,2194,1,4
6.3,40,16,0,27034,1,6
3.5,28,1,0,41233,0,0
2.1,46,8,0,1137,0,1
5.0,27,4,2,6438,1,6
6.4,50,29,2,40001,2,6
2.2,18,29,0,14070,0,3
7.8,20,27,1,10122,1,4
7.2,58,10,2,10364,2,4
6.3,59,23,1,30820,1,6
3.6,63,10,1,10840,0,2
9.2,64,8,0,41368,0,1
2.3,36,20,2,28059,0,1
9.4,34,15,3,10364,2,5
7.5,30,4,0,18929,0,2
9.7,26,28,1,32833,0,5
2.0,60,28,0,20375,1,1
5.1,64,15,3,44951,2,2
7.3,47,22,3,37969,1,4
6.9,32,26,3,12124,2,4
7.0,38,2,2,7812,1,2
7.1,26,12,1,30851,0,4
7.8,53,3,3,29591,0,2
6.5,50,14,0,800,2,1
7.3,35,11,3,9631,2,4
5.0,52,14,2,24748,2,6
9.4,36,10,3,46487,1,5
5.0,30,19,1,5946,1,6
9.5,19,24,0,1932,2,6
5.1,43,25,3,17033,0,2
9.0,56,1,0,20640,1,1
4.4,18,14,3,40291,1,4
5.5,33,8,2,9513,1,2
9.4,43,10,3,7936,0,5
6.3,44,18,0,6495,2,2
2.7,65,27,2,27051,0,1
1.8,36,8,3,26879,0,1
7.8,48,28,0,8170,1,3
5.4,55,17,2,10395,2,6
8.3,65,7,3,10938,0,4
6.3,61,26,2,6120,2,2
6.5,65,9,0,40525,0,3
7.4,55,12,3,26688,1,4
4.1,30,4,2,47987,1,2
6.7,44,23,2,26578,0,4
9.9,33,21,0,24554,0,5
5.7,19,15,0,11906,0,2
2.9,57,21,1,35503,1,6
7.7,38,1,2,7122,0,2
1.6,19,4,1,35028,2,1
4.1,20,13,3,18665,2,4
3.2,54,30,0,14240,0,1
2.6,20,4,3,31220,1,5
7.5,59,15,1,17244,1,4
7.3,64,28,3,30345,2,4
8.0,34,19,3,38657,1,4
2.9,38,1,0,46987,1,0
9.7,24,24,3,44251,1,5
5.4,46,3,3,41360,2,6
2.7,32,23,3,19584,0,5
7.8,65,22,1,10601,0,4
5.3,54,14,3,20423,2,2
2.3,33,4,1,14918,2,1
8.0,18,7,2,15821,2,6
4.3,63,19,1,22330,2,2
6.3,26,6,1,38968,0,2
3.8,51,24,1,14832,0,2
8.7,63,25,1,36362,1,7
5.7,35,6,1,15685,0,2
8.6,57,19,0,22161,0,5
7.1,44,20,1,16344,2,6
5.6,63,25,1,30709,2,2
9.5,30,10,0,6193,2,6
2.7,40,26,2,18028,0,1
9.7,31,11,2,23882,1,7
8.3,53,30,3,34957,1,4
5.6,48,26,2,7854,1,6
9.9,64,16,2,13932,2,7
2.9,57,22,0,20643,0,1
4.7,45,27,2,15558,0,2
4.8,32,26,3,49811,2,5
4.6,30,29,3,11097,0,4
2.0,43,15,2,15162,1,6
9.2,54,7,3,33226,1,6
4.5,30,3,1,7813,1,6
9.0,50,17,0,4152,1,1
2.2,55,30,3,48705,1,1
4.7,38,20,0,49762,0,2
3.3,38,22,2,26257,2,1
5.9,50,14,0,21657,0,1
1.7,60,23,1,26166,2,1
8.6,44,17,2,13322,0,5
6.9,49,10,2,44796,0,4
4.7,19,23,2,8918,0,2
6.7,38,19,1,29846,1,4
2.7,41,26,3,10912,0,3
5.7,53,2,3,11397,0,7
2.2,35,15,3,35333,2,5
1.2,44,15,2,23328,0,1
1.6,34,3,3,9633,1,5
5.6,63,30,3,11986,0,2
4.3,24,13,1,18184,2,2
10.0,22,12,1,27122,1,5
4.7,46,21,1,45920,2,6
4.5,48,4,3,32811,2,2
2.6,36,7,3,23981,0,3
3.9,64,29,0,41334,1,1
2.4,58,9,2,38216,2,6
8.7,48,4,1,42015,1,4
4.8,60,23,0,37127,2,1
8.1,50,15,2,30977,2,4
7.8,63,2,1,16514,2,2
2.4,31,22,2,32399,1,6
6.9,26,10,0,22061,1,4
10.0,18,21,1,11177,0,5
5.3,42,9,0,44984,0,2
5.8,59,17,3,46180,2,2
9.8,45,7,1,14828,0,4
1.1,41,15,0,19807,2,6
3.0,19,15,0,44829,1,6
5.8,40,24,3,10540,2,6
6.6,65,30,2,29288,2,4
7.4,26,11,1,43886,0,4
9.3,30,27,1,8765,0,5
7.6,43,11,3,28825,2,4
4.6,59,18,3,29401,2,6
5.1,20,6,2,13120,0,2
6.2,55,20,0,46115,2,1
5.5,23,7,2,9477,0,2
7.8,43,23,2,4325,0,4
7.6,45,28,2,33792,0,4
5.8,25,19,2,23484,0,2
8.7,34,15,0,16262,2,5
8.0,42,15,0,39679,2,6
1.6,63,3,0,31959,0,1
3.4,39,16,3,15224,2,6
6.8,19,16,3,12973,1,4
8.2,30,5,3,41337,1,5
8.9,64,8,0,42486,2,1
4.6,59,25,0,43817,2,1
6.9,19,19,3,28894,0,4
2.9,48,13,0,16814,2,1
5.2,27,19,0,32941,1,6
4.9,54,19,0,11752,1,1
2.8,64,19,2,12492,1,1
1.4,21,12,0,3444,1,6
6.6,24,27,1,35110,2,4
1.0,33,19,2,23934,1,6
3.4,41,6,1,3070,2,1
5.1,35,3,3,46964,1,4
8.9,34,2,3,11857,1,4
4.6,27,2,1,48891,2,4
7.4,53,15,3,47106,1,4
7.0,36,14,0,20406,0,4
9.1,31,11,3,26721,0,5
9.3,65,7,1,10241,0,4
4.1,34,23,3,49909,2,4
6.8,34,10,0,10633,1,4
1.5,64,16,3,9343,0,1
8.8,40,5,3,13207,1,4
9.0,48,27,0,15216,2,1
7.5,27,1,0,16751,1,2
10.0,47,19,0,41917,2,1
4.1,31,6,1,42689,1,2
5.5,18,27,3,33936,1,4
6.3,41,2,1,23634,1,3
1.5,65,18,2,7631,0,1
2.0,53,1,1,38680,0,0
1.4,29,4,1,13645,2,6
4.0,52,10,1,32531,1,2
3.9,20,18,1,27433,1,2
7.9,50,28,1,45390,2,4
1.6,49,17,1,10628,0,1
5.7,26,15,0,42981,1,6
1.0,48,2,1,24152,2,0
9.9,63,1,3,6540,0,4
6.9,55,11,2,44643,0,4
4.5,45,7,1,44326,0,2
10.0,55,25,3,12997,0,5
8.6,43,10,1,1584,0,7
8.9,61,5,2,45427,2,6
3.6,54,29,1,41849,0,2
3.6,37,3,3,602,0,6
2.4,53,10,2,9622,0,1
9.2,21,8,3,33500,1,5
7.2,48,7,1,30155,0,4
7.3,49,11,1,41621,0,4
8.0,42,14,3,3559,2,4
1.5,38,8,0,36697,1,1
1.3,23,12,0,20007,0,3
7.1,19,19,0,9716,2,6
9.4,52,20,1,29148,0,5
9.8,40,5,0,42091,1,4
8.1,39,7,3,30692,1,4
6.4,50,5,0,45129,1,3
4.3,21,22,2,1356,0,2
8.0,47,21,2,25691,0,4
5.8,41,14,0,49361,2,6
1.2,51,26,2,8600,0,1
1.0,58,12,0,31626,1,1
6.9,41,21,1,14246,0,4
2.8,53,30,1,12936,1,6
7.9,39,11,0,44226,2,4
1.1,34,12,3,11409,1,5
4.5,50,11,1,48937,2,2
5.3,22,2,0,41394,1,4
6.7,23,15,1,3090,1,4
6.2,37,22,0,2791,2,2
6.5,30,1,1,20312,1,0
5.7,26,14,2,36180,2,6
9.5,39,7,3,22089,2,6
8.7,29,19,3,13374,1,5
2.1,54,3,3,32248,1,1
1.7,35,24,1,39085,2,6
4.9,27,26,3,13646,1,4
9.6,20,21,0,17467,1,6
9.3,18,12,1,33434,0,5
5.0,30,23,3,1120,2,4
1.9,58,24,2,25321,1,1
7.8,47,20,1,30035,0,4
7.5,59,8,3,4284,2,4
5.7,57,22,2,32117,0,2
1.4,65,22,3,36402,2,1
4.4,53,21,2,3740,2,6
9.7,33,10,2,23180,0,5
4.2,33,13,3,29404,1,4
6.8,55,4,3,33734,0,2
8.7,44,25,3,46954,0,7
9.5,32,13,3,44750,0,5
8.8,63,24,2,4491,1,6
6.5,49,23,1,10325,1,2
8.6,28,15,1,19635,0,5
7.0,18,29,1,24588,0,4
7.6,28,12,1,18364,1,4
9.3,46,5,1,16025,1,6
9.3,62,29,0,47901,2,1
1.0,30,9,2,23016,0,1
5.7,58,15,3,23961,1,2
2.8,60,3,0,16253,1,1
2.6,35,28,1,17185,1,6
4.0,46,7,1,17139,2,2
8.5,65,1,2,35238,1,2
5.6,52,14,0,28585,0,1
9.2,32,4,3,36190,2,4
9.1,27,28,2,39937,1,5
9.6,19,25,1,30554,0,5
9.0,44,26,2,30762,2,5
2.4,32,16,0,25266,2,1
3.1,22,15,3,32157,2,5
2.4,64,13,1,16421,0,1
1.4,49,26,2,11617,1,1
5.6,25,27,1,15862,2,2
3.2,60,2,0,8085,2,1
6.4,38,23,2,6202,0,2
7.3,32,7,2,9696,1,4
7.3,41,13,2,46319,2,4
6.6,45,18,1,857,2,4
6.9,27,23,3,39847,1,4
4.4,58,10,3,32428,1,2
7.6,39,22,0,24789,1,4
4.0,60,13,2,22857,1,2
1.8,36,13,0,20468,1,6
6.1,30,25,1,19099,2,2
9.6,63,22,3,48352,1,5
3.7,18,16,1,6588,1,2
1.8,65,19,3,39238,0,1
2.2,45,11,3,9114,1,1
6.9,37,29,1,42065,2,4
7.3,24,11,2,42263,2,4
3.6,38,5,1,3161,2,2
9.6,36,20,2,11637,2,5
9.7,47,25,3,27453,2,5
1.0,30,2,2,41510,0,0
3.8,41,21,0,29294,2,6
2.5,62,28,3,14742,1,1
1.7,20,18,1,48146,1,6
6.1,28,15,1,8664,2,2
8.0,27,17,1,24081,0,4
5.1,55,14,3,18714,1,6
7.8,28,18,2,34096,2,6
4.4,63,16,2,25602,2,2
6.6,24,8,3,32465,1,4
2.2,30,17,3,15693,1,5
6.9,19,28,0,15178,0,4
8.8,23,1,3,21972,2,4
3.4,59,25,2,20257,0,1
5.4,27,14,2,16599,1,6
6.1,50,30,0,24861,0,1
1.1,56,14,1,16628,0,1
7.8,52,20,3,2165,2,4
4.4,36,8,3,49159,1,2
8.9,29,26,3,16223,0,5
6.8,35,10,3,22021,2,4
3.5,43,14,2,12894,1,6
3.1,35,16,3,46551,2,5
9.5,49,21,0,28833,1,1
3.9,63,15,1,3371,1,6
7.7,20,1,2,28743,1,2
1.1,40,28,1,32919,2,6
8.3,24,7,1,42925,2,4
9.5,22,11,0,27468,1,5
9.6,48,18,0,15479,0,1
4.3,33,28,0,3811,1,2
2.0,23,2,2,34496,1,1
9.5,21,20,3,36002,0,5
5.0,27,10,1,17035,0,2
6.0,44,25,1,25860,0,2
8.6,52,25,3,16432,1,5
7.6,42,13,1,33860,2,4
9.9,56,11,3,29580,1,5
5.1,19,26,1,15551,1,6
7.5,65,30,2,14222,0,4
1.4,27,3,2,7003,1,0
1.2,62,17,2,27880,0,1
3.3,49,15,1,14562,2,6
10.0,55,27,0,32936,2,1
6.4,62,22,1,24258,2,2
6.5,45,16,0,11823,1,2
4.7,50,3,1,44892,1,6
2.7,60,17,0,34729,2,1
5.4,26,22,0,11694,1,6
9.2,62,21,0,38780,0,1
1.7,18,17,1,28694,1,1
2.8,53,22,3,29993,2,6
3.0,59,17,3,48173,1,1
2.1,50,28,1,41196,1,1
9.6,29,5,3,13147,2,4
7.4,35,29,1,45537,1,4
3.0,39,7,1,17360,1,6
7.2,51,29,0,9800,2,1
5.1,37,5,2,7832,1,2
7.9,45,24,2,25291,2,4
4.4,47,24,2,35989,0,2
9.3,23,20,3,24060,1,5
8.0,40,15,0,33197,1,6
7.6,20,17,0,1117,0,4
6.4,53,2,3,45612,0,4
4.2,53,4,1,8714,0,2
5.1,56,16,0,47638,0,1
1.0,22,12,0,42846,2,1
6.5,29,24,3,19570,0,4
6.7,20,29,0,17379,1,4
9.6,28,23,2,42831,2,5
1.3,56,4,3,48336,1,6
2.2,61,20,1,21994,0,1
7.2,22,11,3,44461,2,4
7.3,37,3,1,32060,2,2
9.4,48,3,3,13927,2,6
1.3,54,24,0,35494,0,1
7.8,40,26,0,4368,2,6
8.3,47,24,1,8860,1,4
7.6,63,1,2,27451,2,2
5.5,62,29,0,12235,1,6
1.5,20,26,0,45721,1,6
6.3,57,25,0,43874,1,1
2.0,64,1,2,3682,2,0
3.2,57,11,1,29260,2,6
3.9,58,29,3,1750,0,2
1.5,38,6,2,2982,0,1
8.2,53,30,3,8842,0,4
1.2,19,1,1,26234,1,0
8.5,39,29,1,1407,0,4
2.1,51,15,1,12667,1,1
1.4,56,10,1,20871,0,1
1.4,22,21,0,46835,2,1
5.8,44,6,1,8800,2,2
2.9,61,24,0,9447,1,1
3.8,23,12,1,45207,0,2
2.8,19,22,0,42528,2,1
3.3,36,13,2,6304,1,1
4.2,26,13,3,34092,0,5
5.3,20,15,3,36173,2,5
7.9,49,4,0,2726,0,1
3.8,59,2,1,29915,1,3
1.7,19,4,2,42287,0,1
1.8,57,24,3,5747,2,1
5.6,64,7,3,25906,0,2
2.3,52,23,0,9760,0,1
7.3,28,18,1,46559,0,4
8.6,55,9,3,17143,1,6
6.9,45,3,1,36597,0,2
5.7,22,18,3,22785,1,4
9.8,63,29,0,8407,0,1
4.6,47,1,0,24802,1,1
1.4,39,1,2,25890,2,0
3.1,61,17,1,13999,0,1
4.2,18,1,2,39383,1,2
8.9,30,4,3,19035,1,4
5.1,48,13,0,41240,2,1
2.7,45,3,3,5314,0,0
5.9,31,14,3,22916,2,4
3.5,46,30,0,37539,2,1
8.5,49,8,2,26073,1,4
5.3,31,14,1,41277,0,2
8.6,30,29,2,44624,2,5
4.6,42,11,0,32035,0,2
2.9,23,19,0,36826,1,6
9.9,53,29,2,20276,2,5
4.0,44,2,0,30516,1,7
5.1,50,19,1,40366,0,2
8.2,56,13,1,10502,2,6
5.0,53,28,1,41198,1,6
9.1,20,30,0,10404,1,5
6.3,39,24,0,11555,0,2
6.4,65,5,3,25143,2,3
1.9,48,27,1,6497,2,1
2.0,25,18,0,32645,0,1
9.9,41,22,1,40374,0,5
3.3,26,26,3,12515,0,5
6.8,21,28,0,43361,2,4
8.0,63,13,2,36480,2,4
2.3,32,4,0,46483,2,1
7.6,57,24,1,44754,2,4
1.9,33,18,1,47897,1,1
1.9,39,26,1,43085,2,6
7.0,36,29,1,29250,0,4
6.1,39,11,1,9433,0,2
7.7,55,15,0,39162,2,1
3.0,24,15,1,15737,1,1
2.8,56,4,2,31977,1,1
8.3,27,15,0,8750,2,6
9.9,57,23,3,47970,2,7
8.4,19,27,0,35439,0,4
8.3,54,23,1,46032,2,4
5.0,49,4,0,3184,2,3
6.5,46,11,3,7301,2,2
2.2,21,30,1,42914,2,1
9.5,46,5,2,28871,2,4
7.3,63,18,0,47143,0,4
1.4,21,30,2,49540,1,6
4.5,27,12,0,7904,2,2
8.6,45,23,0,1728,2,5
6.9,37,18,1,46335,0,4
4.5,57,27,2,32402,1,6
7.1,54,9,0,33335,1,4
5.7,54,16,1,48908,0,2
9.0,28,4,2,19249,1,4
7.1,26,22,2,49364,1,4
7.3,24,12,1,39664,2,4
10.0,25,22,2,26837,0,5
9.8,48,11,2,23232,1,5
5.7,52,7,3,25730,2,2
6.6,35,13,2,10828,1,6
7.8,19,4,1,26224,2,2
6.7,58,14,1,27359,2,4
4.2,26,13,2,49044,0,2
2.9,36,28,0,43875,2,1
1.4,48,28,2,7639,1,6
3.1,58,16,1,25333,2,1
7.5,24,2,2,18298,0,2
9.8,63,26,2,17291,0,5
3.0,34,13,1,23112,2,1
8.4,34,8,1,4291,0,4
3.6,27,5,2,23024,2,2
1.5,24,21,0,30181,1,1
5.2,60,8,3,42661,1,3
1.5,58,10,0,47812,2,1
6.8,29,27,1,5242,0,4
4.1,49,29,0,48929,2,6
5.8,20,5,3,17960,1,2
6.4,48,11,3,31788,2,6
2.7,64,7,3,45467,2,6
1.7,30,28,2,38202,1,6
4.6,26,5,2,14452,1,6
3.7,42,3,0,13157,2,6
9.2,38,2,3,36440,1,4
8.8,35,14,0,41771,2,5
8.6,44,17,0,3831,0,5
7.9,44,12,3,14311,1,4
5.0,20,19,2,13694,1,2
5.0,25,6,0,45055,2,2
3.4,64,4,1,28522,1,1
3.1,35,9,3,29885,0,5
7.7,51,8,2,24545,0,4
1.5,62,8,3,40083,0,1
4.3,41,8,0,39160,1,2
6.4,60,24,0,2927,1,1
2.7,51,1,2,9387,1,0
4.9,28,14,3,2978,2,5
9.8,46,23,1,31640,1,5
6.4,55,8,0,10473,1,3
5.5,39,28,2,18518,2,2
1.3,41,23,1,32837,1,6
6.4,22,22,3,34590,1,4
7.2,23,16,2,38889,2,4
3.1,62,16,2,34072,2,1
2.1,51,23,1,600,0,1
3.8,52,30,0,8685,1,1
4.3,41,7,3,9034,1,2
6.6,32,30,1,12006,0,4
5.7,35,19,2,31862,0,2
3.2,21,2,3,25980,1,0
2.1,23,6,3,42257,0,1
7.1,55,3,0,49601,2,1
6.1,50,5,3,9879,2,2
5.8,36,30,0,45724,2,6
7.9,25,18,0,5304,2,4
2.3,36,6,1,15166,0,3
9.1,52,13,2,15617,2,5
3.0,20,11,1,48394,1,1
1.8,30,2,3,10704,2,5
9.0,33,15,0,15729,0,7
4.2,59,16,1,14599,1,6
5.7,36,11,0,42236,0,2
1.7,39,6,3,41416,1,6
8.8,44,17,2,36631,1,5
9.1,53,4,2,24281,0,4
3.7,29,15,1,11593,1,2
3.1,27,2,2,24435,1,0
7.2,35,14,0,25397,2,6
7.5,58,9,2,6236,1,6
5.6,32,18,0,32521,2,6
9.1,52,9,0,40999,2,1
4.7,28,30,2,48437,1,2
7.3,50,5,0,34570,1,1
7.6,45,28,1,41345,2,6
6.4,37,2,1,35441,0,3
6.3,32,24,2,38139,2,2
6.5,25,28,0,32272,2,2
3.9,25,17,0,22121,1,6
1.5,38,19,1,31408,2,1
4.5,38,28,2,17333,0,2
8.8,25,8,2,18339,1,4
8.4,54,23,2,17284,2,6
4.5,55,12,2,25786,2,2
4.7,44,18,2,26969,1,6
2.7,36,9,3,17775,0,1
3.7,42,24,1,5885,1,2
3.7,48,20,3,39884,0,2
6.7,19,27,0,4460,2,4
3.4,36,21,3,23574,2,6
1.9,37,28,0,42366,1,1
3.6,58,20,3,34577,2,6
9.5,32,16,1,17513,0,5
3.6,49,4,0,37089,1,3
8.3,61,7,0,43307,1,4
9.5,23,17,1,14816,1,5
9.9,60,7,1,28353,1,6
6.0,40,4,1,25540,1,2
6.2,60,21,2,25331,2,2
6.6,46,5,1,10733,0,2
6.9,63,13,3,951,1,4
6.4,59,12,3,2446,1,2
4.5,37,26,3,1759,0,2
1.8,63,4,2,27269,0,1
4.5,65,6,0,31195,1,3
1.2,39,6,0,23823,1,1
5.1,64,16,3,14633,1,2
4.6,34,9,1,34463,1,3
3.3,54,9,1,36655,1,1
10.0,42,7,2,36689,2,6
2.6,38,6,2,25044,2,6
8.0,60,27,2,20610,1,4
1.9,58,23,1,27490,1,1
6.1,65,1,0,41457,2,1
3.0,26,15,1,40275,2,6
7.1,22,16,0,30506,2,6
2.8,41,16,0,26278,1,1
3.6,54,26,1,3090,2,2
9.2,29,9,2,46112,0,4
1.8,44,26,2,13776,0,1
4.8,46,25,3,8853,0,2
2.2,42,3,1,4664,2,0
8.6,21,1,1,44308,0,4
6.2,53,13,1,1076,1,2
7.0,62,25,2,34387,2,4
9.1,62,29,0,20666,0,1
3.6,59,7,0,44982,1,3
5.0,37,16,3,41721,0,2
9.1,42,14,0,21245,0,5
9.2,53,25,0,34761,1,1
2.3,65,26,1,20607,1,1
2.5,63,5,0,26208,0,1
2.6,53,6,1,5334,0,1
5.5,53,17,1,35875,0,2
3.7,52,16,3,31805,2,2
2.1,59,19,3,12622,2,6
8.9,37,6,1,24416,2,4
9.3,48,20,3,39980,0,5
9.0,36,6,0,25614,0,4
9.5,65,12,0,21059,1,1
8.5,47,30,3,11351,2,6
5.9,33,23,3,33628,1,4
1.3,33,8,0,14641,2,1
5.2,49,22,3,30875,0,2
9.8,52,29,2,28266,0,5
8.3,61,26,0,21198,1,1
5.6,55,14,1,6945,1,6
4.8,45,8,2,6544,1,2
7.5,51,5,0,43293,1,1
8.7,56,30,1,18634,1,5
7.9,33,14,3,13188,1,4
9.0,46,27,1,27962,2,5
2.0,24,22,0,31058,0,1
1.2,44,9,2,19225,2,1
5.2,30,4,3,10547,0,2
1.7,21,6,1,31592,0,3
1.7,25,17,2,29567,2,1
1.5,19,4,1,30343,0,1
5.8,32,14,0,43411,1,6
3.1,24,30,2,16911,1,1
4.0,24,29,2,702,1,6
7.2,26,8,3,9042,2,4
1.2,34,24,0,39156,1,6
8.8,34,9,3,48981,1,4
2.4,48,26,2,11372,2,1
9.8,28,22,0,35215,2,7
6.3,62,19,0,4134,2,1
4.2,44,9,2,502,1,2
5.1,31,5,0,21997,1,2
2.6,51,21,1,4028,0,1
1.1,38,25,3,16604,1,6
8.9,22,25,2,36990,0,5
1.2,54,22,1,43213,2,1
4.2,65,19,2,45156,1,6
4.9,40,21,1,26051,0,2
8.9,27,27,1,30077,2,5
6.2,37,29,2,5090,0,2
6.9,63,29,0,16901,1,1
1.6,65,28,1,16122,1,6
1.6,43,3,3,39528,1,0
5.8,20,12,2,37793,0,2
8.0,39,3,0,13776,1,6
8.5,53,3,1,38464,0,2
8.7,61,23,3,25952,1,5
2.9,62,23,2,1267,0,1
9.3,28,22,1,47089,2,5
9.1,18,5,1,38974,1,4
7.4,31,27,2,34596,2,4
1.2,60,26,3,43647,1,6
1.4,41,17,3,40196,0,1
7.6,35,22,2,18178,1,4
2.2,34,17,1,49009,1,6
2.3,59,21,2,28268,2,1
5.9,43,15,1,3430,0,4
1.4,45,15,0,20574,1,1
7.1,42,28,3,22345,1,4
9.5,65,24,2,20878,0,5
9.8,56,21,3,20112,0,5
2.7,29,12,0,38379,1,1
7.3,28,7,1,25580,0,4
1.8,30,15,3,31670,2,5
2.1,42,25,0,13917,1,6
6.6,31,24,1,32275,1,4
5.0,39,2,3,2403,0,1
4.2,42,22,2,27877,0,2
9.2,50,1,3,36992,1,4
3.1,62,15,0,19420,0,1
1.2,35,8,2,28659,2,6
4.6,42,14,0,12280,1,6
7.1,42,7,0,44155,0,4
6.1,55,24,3,26861,1,2
3.3,58,22,0,3448,0,1
8.0,18,5,3,4858,1,5
1.1,30,21,0,21445,0,1
5.9,52,10,1,48978,1,2
6.6,36,27,0,47922,0,4
1.1,37,7,2,9693,0,1
8.6,45,10,0,36938,2,5
6.1,24,3,3,48111,1,5
8.7,62,20,2,7848,1,5
2.6,38,11,3,1567,1,1
6.4,54,20,1,35007,0,2
1.2,44,12,2,8398,0,1
8.7,37,15,0,10856,1,5
9.6,35,12,0,14606,0,5
8.6,24,5,1,22915,2,6
3.5,28,17,2,5491,2,6
4.1,64,14,0,2627,0,1
6.2,18,10,1,39753,1,2
9.0,55,20,0,8389,0,1
3.4,57,12,2,23514,1,1
7.3,48,10,3,4998,2,4
9.1,43,5,0,21383,2,6
6.2,49,15,0,19848,1,1
7.3,52,14,1,31292,2,4
7.4,32,1,0,38307,1,2
5.4,45,4,0,2129,2,2
4.3,57,28,0,46965,1,1
1.0,29,3,0,20802,2,0
8.4,48,1,1,25178,2,2
3.8,37,22,0,41010,2,2
9.9,61,16,3,48211,1,6
7.9,44,9,3,15184,2,4
2.9,44,23,1,30675,2,1
8.0,53,4,3,33984,2,2
9.7,51,7,0,8175,0,1
5.4,34,10,0,3200,2,3
8.6,43,21,0,6027,2,5
3.1,20,23,3,15135,0,5
5.1,62,22,3,40529,2,4
7.5,43,5,0,24167,0,2
5.6,25,19,2,12225,2,2
3.5,26,14,0,45521,0,1
2.0,54,23,3,20629,0,1
3.1,33,17,3,16619,1,5
7.1,41,29,1,46140,2,4
4.5,49,4,2,47404,2,2
5.4,23,12,3,40433,2,4
6.6,60,20,1,19688,0,4
2.0,28,20,2,38080,2,6
2.4,41,26,3,40144,1,1
8.6,26,13,1,11122,0,5
8.0,34,30,2,18828,1,4
8.8,45,11,3,41648,1,5
4.5,35,7,0,22518,0,2
2.3,30,6,2,14393,2,6
5.7,24,1,0,45669,1,0
2.9,45,9,3,44129,1,1
4.0,61,24,2,35995,0,2
2.0,23,7,0,39768,0,1
3.5,57,23,2,10812,0,1
6.8,62,21,3,4270,0,4
5.2,55,24,2,46139,1,2
3.3,29,7,0,35804,0,1
9.5,45,9,3,901,2,4
3.1,45,11,2,9013,2,6
7.8,31,27,1,24398,1,4
7.5,39,9,2,24028,0,4
8.3,43,3,1,19376,1,2
1.3,37,30,3,16279,2,6
8.4,20,15,2,9987,0,4
7.2,45,15,1,40741,0,4
10.0,57,28,0,20631,0,1
5.5,20,17,1,43330,1,6
6.3,22,5,3,14548,2,2
1.1,59,29,3,29220,2,6
4.9,18,10,1,28366,1,2
5.6,52,2,0,49203,1,1
4.6,36,19,3,632,0,2
4.9,57,11,0,10465,1,1
9.4,64,9,1,15411,0,4
3.2,33,23,2,9897,2,6
6.2,53,12,0,44202,1,1
8.1,21,13,0,47187,1,4
5.3,54,5,0,1852,1,3
9.8,26,23,2,47279,0,5
5.1,41,14,0,40462,1,6
4.7,23,26,3,4155,1,4
5.1,25,28,2,18321,2,2
1.5,32,21,3,1678,2,1
1.2,42,1,0,41956,0,0
8.4,58,21,3,21821,2,4
2.8,58,15,1,14705,0,1
1.8,28,15,1,14888,2,6
8.6,25,12,3,3871,2,5
5.6,36,13,0,32273,1,2
7.8,49,19,3,24002,1,6
5.9,64,13,3,35473,0,2
4.8,55,18,3,14720,2,6
4.2,39,8,0,10760,2,2
3.8,65,28,0,6627,1,1
4.1,61,27,3,29277,2,6
2.0,23,13,0,27304,1,1
8.6,27,15,3,12275,2,5
4.6,30,25,1,49199,0,2
2.9,64,18,1,37951,1,6
3.6,48,1,2,27296,1,0
4.3,43,28,0,38108,0,2
7.8,41,4,0,32650,2,2
8.4,47,18,3,5483,1,4
5.9,57,10,0,32544,1,3
2.4,44,7,1,36969,0,1
6.2,58,6,1,4301,1,2
4.9,35,27,0,28593,1,2
1.1,40,12,0,22499,0,1
6.8,45,26,1,20584,1,6
3.3,47,13,0,17599,2,1
5.3,37,11,1,48064,0,2
3.9,37,28,2,8991,0,2
6.6,43,3,1,15951,0,2
7.7,45,12,3,32535,0,4
7.6,56,11,3,17557,0,4
1.4,43,22,2,36390,2,1
2.2,41,14,2,22373,0,1
1.5,32,26,3,35916,0,5
4.9,57,12,3,34653,0,2
9.2,55,21,0,30490,2,1
5.2,28,11,2,29830,1,2
1.7,32,1,2,24620,1,0
5.2,58,3,1,20882,0,2
6.5,51,28,2,3830,2,2
2.9,57,13,3,39737,2,6
2.5,18,3,2,28943,2,0
4.7,43,13,1,28936,1,2
3.8,23,10,2,45456,1,2
6.0,30,1,2,24911,0,7
2.7,36,1,1,37340,0,1
9.3,27,12,0,19377,0,5
4.6,36,5,1,33741,1,2
3.9,59,5,0,31745,1,3
1.4,27,7,2,15738,0,1
3.9,30,8,0,7723,1,2
7.9,33,24,3,27932,2,4
8.2,53,3,3,23964,2,2
8.9,40,5,0,22880,1,4
8.6,56,28,2,35638,0,5
2.9,35,17,2,26525,0,1
7.2,51,17,0,47193,2,1
7.4,52,18,3,35942,2,4
8.7,58,6,1,35806,0,4
9.5,37,3,2,44376,2,4
2.9,33,26,2,13420,0,1
6.1,40,22,2,42350,0,2
6.8,25,22,2,22304,0,4
4.7,20,22,3,41409,1,5
7.9,42,20,2,21521,0,4
9.2,18,19,0,12369,0,5
6.7,20,12,3,27568,0,4
2.7,32,13,0,18964,2,6
5.1,49,3,2,8036,0,7
6.6,30,11,2,30928,1,4
3.6,63,4,3,27935,2,2
4.6,59,18,0,10887,0,1
9.2,62,6,1,15589,2,6
7.4,45,14,2,43958,2,4
4.2,38,28,3,47324,0,2
7.9,21,17,0,49593,2,6
6.3,21,10,2,25202,2,2
9.2,43,6,3,21681,1,4
4.3,62,6,3,18222,1,2
6.9,30,13,3,11753,0,4
8.0,28,17,3,13276,1,4
7.6,63,12,0,5738,2,4
7.9,52,13,1,25677,2,4
6.3,36,27,2,49699,0,2
6.3,23,7,1,581,1,2
2.9,40,3,2,29684,0,1
8.7,52,21,2,46423,2,5
1.2,33,12,0,21330,0,1
2.9,21,28,1,18259,0,1
1.8,47,27,0,17179,1,1
3.0,30,6,0,47776,0,1
1.6,38,17,3,45513,2,1
7.5,49,21,2,46518,1,4
5.5,64,10,2,5984,1,3
5.0,37,16,3,8528,1,2
2.9,38,13,3,10366,0,1
4.3,61,22,1,2177,2,2
9.8,25,26,2,35066,2,5
3.9,21,25,1,13707,0,2
2.9,25,4,3,18940,0,5
3.1,43,2,1,23397,0,0
2.4,54,19,0,38614,0,1
6.3,30,7,2,2802,1,2
6.8,20,10,2,24309,0,4
2.0,55,3,3,28602,1,6
6.4,26,28,2,27777,1,2
6.7,52,10,0,38474,1,4
1.4,22,26,2,6123,0,1
1.9,20,3,3,1150,1,0
3.7,42,26,2,42643,1,6
1.9,53,1,1,35436,1,0
6.5,61,25,0,18892,0,1
6.8,41,9,3,6874,2,4
1.8,40,5,1,9230,0,1
8.3,33,12,1,8918,2,4
6.5,52,6,1,12837,1,2
4.7,21,15,1,12978,1,6
6.8,26,7,0,36518,2,4
4.5,37,2,3,32131,2,6
4.4,30,13,1,39677,2,2
6.2,28,17,3,12358,2,4
6.0,49,19,0,26163,1,1
5.4,38,30,2,30233,0,2
4.3,44,30,1,27435,0,2
4.7,51,9,3,4301,1,2
7.0,38,8,1,5543,0,4
2.6,63,14,3,32430,1,6
8.2,46,13,2,4938,1,4
9.2,18,18,0,46780,0,5
5.2,32,30,0,622,0,2
1.2,46,8,0,47860,1,1
10.0,65,3,3,34892,0,4
9.5,64,10,3,19995,1,5
9.2,20,30,0,12454,1,5
9.2,38,2,1,35277,0,4
9.2,65,28,3,24482,1,5
2.9,38,18,0,16716,1,6
9.2,32,19,0,10247,1,5
1.3,43,25,3,45523,1,1
9.6,25,28,1,5120,1,5
5.4,51,23,2,47943,2,6
6.4,24,23,1,9249,1,6
8.4,29,29,3,37569,2,4
3.6,28,12,2,8048,1,6
2.8,54,22,0,14386,1,1
8.6,38,21,0,23760,1,5
1.3,56,23,2,4178,0,1
5.4,44,8,0,3161,2,2
6.6,43,27,2,28101,1,4
8.7,20,26,3,28389,0,5
8.3,65,25,2,5608,2,4
2.2,34,29,1,6864,1,6
6.1,30,22,0,2240,0,2
8.6,27,13,1,44136,1,5
3.8,24,26,3,4411,1,4
6.1,22,13,1,37613,1,2
7.6,30,23,1,4626,0,4
3.6,59,5,2,2969,0,2
5.6,35,25,1,38825,1,6
9.9,62,5,0,49287,1,1
2.4,40,3,0,30935,0,0
9.8,41,30,3,31652,1,6
6.1,18,14,0,28370,1,6
7.4,62,29,2,41882,1,4
3.9,63,17,3,15892,0,2
3.5,23,15,3,47099,2,5
5.6,22,3,1,34548,0,1
5.0,50,9,1,36691,0,2
9.6,26,3,1,9666,2,6
4.1,43,22,0,13154,1,6
2.3,41,11,0,14954,0,1
7.5,46,12,3,30144,2,4
9.0,65,7,0,9804,0,1
8.3,46,24,1,11507,1,4
5.5,53,7,3,19861,2,2
1.7,42,4,0,7389,0,1
9.5,21,16,0,26576,0,5
9.0,54,26,0,19056,2,5
2.1,40,17,1,31468,2,1
2.5,26,12,2,3421,1,6
6.7,51,19,1,14349,0,4
9.1,18,5,3,34020,0,4
5.0,43,10,1,43630,0,2
3.4,24,18,0,32850,1,1
1.5,57,8,3,42607,1,6
4.9,57,13,0,45779,1,1
2.7,49,21,1,27616,2,1
7.8,42,23,1,34516,2,4
2.9,37,24,0,39466,0,3
9.4,24,13,2,25571,2,5
5.5,56,24,1,46616,0,2
7.0,48,23,1,42191,1,4
6.6,57,30,1,24318,0,4
4.9,45,29,0,2471,2,2
8.4,45,6,0,997,2,2
2.2,52,27,3,45917,1,1
5.6,49,1,2,18218,1,2
7.5,43,21,0,22516,2,4
5.4,40,14,1,6224,0,2
5.3,55,20,3,16860,1,6
7.6,25,13,1,22974,1,4
6.1,35,29,0,7226,2,2
4.2,39,27,0,41620,0,2
9.0,23,22,3,13536,1,5
5.7,43,4,2,28909,0,2
6.1,64,24,0,45983,2,1
9.3,40,15,2,1452,0,5
1.4,62,26,3,38450,1,6
6.5,28,7,2,49700,2,2
9.4,29,13,1,42092,2,5
5.7,33,24,2,38522,2,6
7.9,21,3,3,26967,2,4
4.2,52,3,3,20839,1,6
9.6,37,16,1,6468,1,5
4.7,43,13,2,1484,2,6
3.6,23,24,3,33644,0,4
8.7,60,27,0,14618,2,1
8.4,65,7,3,3886,2,6
9.9,30,22,1,33285,0,5
8.7,58,19,1,29283,0,5
6.5,47,24,0,21172,2,1
6.1,28,10,0,31663,1,3
1.5,31,7,3,27781,1,5
2.9,59,23,3,31505,2,6
1.3,25,10,0,23190,0,1
2.9,26,13,1,41508,2,1
4.8,39,23,2,46423,0,2
4.3,45,18,2,19150,0,4
4.7,56,15,1,49088,1,6
7.4,41,19,2,8498,0,4
1.8,32,8,2,4450,1,1
5.3,31,21,3,45247,1,4
5.2,50,14,2,36799,2,2
5.6,22,29,3,7515,0,4
7.1,56,3,3,5062,0,2
8.3,24,8,1,46464,1,4
2.6,32,8,3,23439,2,1
4.8,28,20,0,20046,1,6
10.0,48,27,1,18944,2,6
9.9,42,30,1,48109,2,5
1.5,21,16,2,9533,0,1
4.0,38,3,3,37094,2,6
6.0,38,21,2,15711,0,2
7.1,47,19,1,21020,1,6
4.1,34,16,0,40651,1,2
7.4,50,7,1,13772,0,4
4.3,59,5,3,15546,2,2
3.0,57,9,3,25809,0,1
7.4,27,30,3,36173,2,4
9.8,36,24,2,10007,2,5
8.6,38,4,1,13345,2,4
5.9,27,26,0,30172,1,6
4.5,43,7,0,26262,0,2
2.7,48,22,1,17909,0,1
3.8,53,26,2,8692,2,6
3.6,54,5,1,12481,1,2
6.7,29,20,1,49009,0,4
5.5,41,8,3,47977,2,2
6.5,30,24,3,35461,2,4
7.6,36,15,2,23586,0,4
6.7,40,15,3,32658,0,4
9.3,53,30,3,4910,0,5
4.5,35,26,0,1319,0,2
7.9,49,4,1,47389,2,2
6.2,20,20,3,40053,2,4
5.6,54,23,2,48733,2,6
8.8,47,3,0,49728,2,1
3.3,21,17,1,25830,1,1
1.6,50,5,0,27474,2,1
7.7,21,17,1,15474,0,4
4.4,58,21,1,42389,1,2
4.8,40,5,0,8078,0,2
6.1,32,6,3,26576,1,2
2.1,20,5,2,43584,1,1
8.2,36,1,3,30198,0,2
3.1,34,18,2,41061,1,6
2.5,32,30,3,36434,0,5
1.4,48,5,0,19418,0,1
7.4,28,22,0,31450,2,4
7.7,48,11,0,21357,0,1
8.3,27,2,0,10591,1,2
4.5,39,18,1,42022,1,2
9.1,52,15,0,8461,0,1
5.7,42,24,1,32455,1,2
4.6,42,17,3,26438,2,2
7.1,27,27,2,48733,1,6
5.3,61,19,0,48782,0,1
4.0,48,26,0,31527,0,1
7.5,41,5,2,12688,1,6
6.4,61,25,3,4632,0,2
3.6,60,19,0,41018,0,1
2.0,38,21,1,24625,0,1
7.1,47,4,3,26027,0,2
4.0,51,24,3,14158,0,2
2.2,61,26,3,34655,1,1
8.0,60,21,2,13646,1,4
5.9,48,11,0,28015,2,1
1.4,56,29,0,48614,0,1
8.2,20,23,3,46376,1,4
1.9,39,14,0,5499,2,1
7.4,38,18,2,47630,2,4
6.6,50,15,0,30712,1,1
10.0,20,14,0,44237,1,5
2.3,21,18,3,7944,1,5
8.6,34,30,1,43617,2,5
4.7,58,8,0,20000,1,3
2.3,59,2,1,20469,1,0
9.2,54,15,2,14218,2,6
3.9,32,18,1,29417,2,6
1.4,36,20,2,12264,1,6
4.9,43,10,2,15579,2,2
9.8,56,20,1,40484,0,5
6.8,64,22,3,41560,2,4
4.2,37,4,0,42107,2,2
5.8,28,14,2,44659,0,2
3.3,60,16,2,40019,1,6
6.7,49,23,0,13249,0,1
5.3,57,18,2,7072,2,6
9.9,24,8,3,47636,1,4
9.6,32,7,0,21341,0,4
8.6,41,20,0,41208,1,6
7.5,55,6,1,46033,2,2
5.0,52,15,2,8854,2,6
9.3,58,6,0,31549,1,1
3.5,34,18,1,18379,2,1
7.7,25,25,0,10584,0,4
6.8,41,11,2,15347,0,4
2.5,24,11,1,13182,2,1
4.2,34,3,2,25334,0,0
5.3,56,20,3,25115,1,6
6.6,60,10,0,20444,1,1
7.3,47,10,1,38453,2,4
9.4,55,5,2,45752,0,4
7.9,47,15,1,36435,2,4
5.3,26,23,3,9333,1,4
5.9,42,15,1,34545,2,6
2.3,44,17,1,2969,1,1
7.0,37,17,3,8185,1,4
8.8,49,2,3,34135,0,4
1.7,52,19,2,37175,0,1
8.4,65,19,0,25599,2,1
6.1,52,8,0,39724,2,1
2.0,56,3,0,35304,1,1
7.9,58,18,3,6312,0,4
2.8,21,18,3,41750,1,5
9.5,38,24,1,26573,0,5
7.6,57,11,0,27089,2,1
4.0,35,29,2,17994,1,6
7.3,42,2,1,10075,2,2
9.4,51,16,2,43078,0,5
3.2,26,14,0,7333,1,1
1.3,62,28,2,12124,0,1
5.9,47,23,2,19416,2,6
6.0,40,18,2,29038,1,6
6.0,49,22,1,14497,2,2
5.2,51,9,0,40677,0,1
1.2,18,23,3,14582,0,5
7.9,43,6,1,49567,2,6
3.2,23,25,1,7064,0,1
9.6,46,7,0,7585,2,1
7.1,31,26,3,28787,0,4
5.9,65,12,1,33216,2,6
6.2,47,16,2,15728,0,2
6.3,20,24,2,27561,1,6
1.1,38,28,0,1724,0,1
8.5,65,6,0,10948,1,1
1.7,48,14,3,14682,0,1
8.7,41,21,1,36751,1,5
8.0,21,29,2,11673,1,4
5.1,40,15,2,22493,0,2
5.8,47,3,1,641,2,6
1.7,63,10,0,26969,0,1
8.4,28,15,1,26928,2,4
8.4,31,21,1,16804,2,4
9.8,55,7,1,29255,1,4
9.5,53,17,1,22032,2,5
6.4,41,11,0,31485,2,2
7.1,65,6,1,11372,0,2
7.6,54,5,1,34175,1,6
6.9,26,24,3,2294,1,4
2.7,46,17,3,17417,1,1
5.5,29,25,0,34756,2,6
8.0,32,27,1,22703,0,4
4.3,52,11,2,42965,1,6
7.4,38,24,1,32059,0,4
6.5,22,5,3,20932,0,2
7.4,30,15,2,2916,0,4
2.2,22,19,1,6524,0,1
6.2,36,17,3,41194,0,2
9.8,40,22,3,49123,2,5
5.0,56,3,3,18826,2,6
9.0,22,5,3,29331,1,4
4.7,37,19,3,49587,0,2
9.3,45,27,1,5849,0,7
5.5,55,17,2,23530,2,6
5.7,38,28,0,1865,0,2
9.7,42,28,1,11919,0,5
4.8,65,15,3,26748,2,6
3.8,37,14,2,34614,0,2
3.5,56,10,0,28164,2,1
6.2,48,20,1,11774,1,2
4.9,54,1,2,2089,1,2
1.5,45,17,0,37765,2,1
4.7,58,22,2,34414,2,2
4.8,20,21,0,14106,1,6
8.4,61,12,1,44554,2,4
7.5,62,24,2,41026,2,4
8.7,29,10,2,12472,2,5
1.1,52,26,3,41430,1,6
9.2,29,19,2,19782,0,5
8.3,56,9,3,1017,2,4
6.4,19,17,3,48639,1,4
9.3,46,18,2,30406,0,5
7.8,58,18,1,31195,1,4
1.8,40,5,3,3677,2,1
3.2,64,25,0,38214,0,1
8.9,52,8,2,15001,1,4
5.7,44,22,1,25817,0,2
2.4,44,26,1,32426,1,1
8.4,51,14,2,9880,1,6
5.7,49,4,0,38282,2,3
4.7,56,2,0,2110,0,1
4.4,43,14,3,37607,2,4
1.9,29,29,0,11485,1,1
2.0,49,19,0,32565,1,1
2.7,31,20,0,48955,0,1
1.2,54,18,2,17088,0,1
7.5,31,25,0,32019,2,4
6.3,47,12,2,11664,1,6
3.8,33,17,1,27459,1,6
6.3,35,11,0,31437,1,2
6.9,43,7,3,5218,0,4
4.7,65,8,0,26592,0,3
3.2,61,27,1,15477,2,1
5.3,35,7,0,48850,1,2
3.2,19,29,3,35285,2,5
5.5,38,18,3,28821,2,6
5.6,55,8,3,39241,0,2
8.1,41,13,3,21454,1,4
9.0,48,7,1,48558,2,4
1.3,51,9,1,48136,2,1
2.5,54,9,3,13017,1,6
9.1,34,26,3,18097,0,5
7.7,28,29,0,16120,1,4
7.1,28,7,1,20558,2,4
2.3,54,18,2,33448,2,6
2.1,55,27,3,1160,0,1
3.7,44,16,1,17780,0,2
7.8,37,4,1,15913,1,6
8.7,29,15,0,45557,1,5
9.8,23,26,1,22380,2,5
5.8,25,26,0,7920,1,2
3.8,48,26,0,14095,1,1
2.8,51,5,1,45674,1,6
4.3,27,14,2,48514,0,2
3.3,24,9,0,40133,0,1
7.3,33,13,3,22438,0,4
9.8,56,28,1,45406,0,5
4.4,58,2,3,45405,1,4
7.7,65,9,3,49930,0,4
3.2,36,9,3,35373,2,6
4.9,39,5,3,33502,2,6
9.8,41,14,0,18294,0,7
6.2,48,6,1,41847,2,2
3.7,25,24,1,11683,1,2
5.1,27,29,0,26984,2,2
1.4,57,22,2,15883,0,1
2.4,34,23,0,9533,0,1
4.4,40,29,3,33821,2,4
4.9,19,8,0,4817,0,2
7.8,41,15,0,32369,1,4
4.7,44,4,0,45726,0,2
6.3,38,10,3,38587,0,2
5.5,23,29,0,12961,2,2
10.0,50,12,1,40058,1,5
7.8,61,7,3,40105,2,4
6.7,24,4,3,11119,0,5
5.5,29,20,3,33680,1,4
3.0,41,6,0,4900,2,6
1.4,63,23,0,19340,1,1
2.3,41,13,2,9191,2,1
8.7,58,24,1,46486,2,5
2.4,27,16,3,41402,2,4
9.1,49,28,3,6182,0,5
8.4,53,7,0,45807,1,1
7.3,43,23,1,681,0,4
2.4,35,17,3,42660,0,5
7.0,41,12,1,47631,1,4
7.1,26,4,2,33738,1,6
3.4,44,26,3,14928,0,1
8.1,44,28,0,37911,1,4
7.2,24,17,2,14716,0,4
6.3,19,2,0,40649,2,4
4.5,24,8,1,27677,2,2
8.2,23,21,1,5989,2,4
1.6,59,25,3,20836,2,6
5.5,45,17,1,35262,1,2
3.0,29,14,0,26300,2,1
9.0,39,7,0,30125,0,4
4.1,49,11,1,34592,0,2
6.1,61,17,2,43867,2,2
2.8,29,9,3,44243,1,5
9.0,65,10,0,28325,0,1
8.0,41,15,1,27117,1,6
2.5,29,20,3,44205,0,4
9.0,24,30,2,21550,0,5
5.9,58,13,0,44270,0,1
1.4,45,23,1,37507,2,6
5.5,29,13,1,35434,2,2
9.4,53,22,1,35404,1,7
6.4,35,18,2,47122,1,2
6.6,47,29,2,27743,2,4
5.7,39,1,1,13001,0,6
4.2,27,16,2,11933,1,6
9.8,20,7,3,33865,2,4
7.1,43,24,2,15203,2,6
3.2,36,26,3,8473,0,1
4.4,54,11,0,37839,0,1
1.5,30,12,2,33101,1,1
7.7,39,28,3,2751,0,4
7.0,40,6,2,1233,0,2
2.0,26,28,2,27192,2,6
2.5,44,23,1,26547,2,1
7.8,37,10,2,4762,2,4
3.9,19,15,3,37661,0,4
9.1,40,9,2,9346,2,4
6.9,32,8,2,14755,2,4
5.7,32,12,3,33540,1,4
4.3,27,19,1,3345,0,2
1.3,18,15,3,18234,1,1
6.8,30,1,3,35308,1,5
4.0,42,3,3,4092,1,6
9.0,41,12,0,47197,2,5
4.7,26,17,1,14041,0,2
2.7,58,3,3,47391,1,0
4.8,19,6,1,40978,2,6
3.1,39,20,0,2843,0,1
2.1,42,27,1,20173,1,1
1.1,24,16,3,46410,0,5
2.1,27,14,3,2384,0,5
1.1,21,22,0,13741,0,1
6.6,42,25,1,23123,1,4
5.0,48,21,3,6128,1,6
6.4,27,10,3,32377,1,5
5.3,62,17,0,33199,2,1
2.5,25,12,2,35765,0,3
6.2,42,18,2,4271,2,6
7.8,45,22,1,46438,1,4
5.1,33,19,3,38072,2,4
8.1,22,12,1,35426,0,4
2.9,40,3,2,24357,0,0
7.9,56,11,3,3095,1,4
1.1,31,11,2,13877,2,1
8.5,21,23,1,2989,1,4
7.5,57,24,3,38346,2,4
7.6,21,14,3,11273,2,4
5.4,45,16,3,14555,0,2
5.0,22,1,2,19558,0,6
9.4,30,26,0,27092,0,5
8.4,32,21,1,2972,2,4
5.1,65,3,0,7317,0,1
2.2,40,19,1,10927,0,1
8.3,22,25,3,39550,2,4
6.7,35,6,3,22604,1,5
3.6,36,10,0,31649,2,2
7.3,45,3,1,25387,1,6
4.5,54,23,2,8311,1,6
2.4,35,27,3,12405,1,5
5.3,32,29,2,36577,1,2
8.4,55,26,0,12297,0,4
6.9,60,5,1,9067,0,2
3.8,32,12,0,13341,0,2
9.1,55,26,1,14508,0,5
3.5,32,20,0,12964,0,1
6.1,18,14,0,6385,2,6
5.4,23,20,3,22247,2,5
1.4,23,18,3,34811,2,5
8.3,19,19,3,45633,0,4
8.3,25,10,2,46453,1,4
5.5,35,5,3,7574,1,5
8.2,28,25,3,11882,2,4
4.7,62,18,1,13005,2,6
3.2,40,29,0,40770,2,1
4.4,52,23,0,46632,0,1
7.9,56,6,3,41255,0,2
7.3,22,21,2,32048,1,6
1.7,23,16,2,38288,2,1
4.7,51,21,2,23598,1,2
6.3,47,6,2,44942,1,2
2.6,56,19,2,45769,2,1
5.7,40,14,2,26133,2,6
9.3,25,30,1,22363,2,5
9.2,64,10,0,33464,2,1
4.2,25,27,0,11536,2,6
1.9,49,14,3,48775,1,6
8.7,24,7,0,38702,1,6
9.6,22,17,2,27055,2,6
6.3,54,13,0,41284,2,1
4.6,55,7,1,17980,0,2
3.9,24,22,0,2225,1,6
7.9,59,24,0,18262,2,1
5.5,65,18,2,23818,2,2
3.5,65,16,2,42342,2,1
4.0,64,20,1,6096,1,6
9.9,61,26,0,21902,0,1
5.3,25,2,2,36747,1,0
2.8,34,11,2,33211,0,1
3.8,62,1,0,43095,0,1
2.5,49,9,2,6776,0,1
3.3,21,18,0,29548,1,1
2.7,64,6,1,12217,2,1
4.0,36,20,1,43282,0,2
7.1,24,15,3,9045,1,4
4.1,31,30,2,40355,1,2
5.0,47,24,3,23476,1,6
1.2,40,5,0,41316,1,1
1.5,41,21,1,22919,1,6
8.6,48,27,1,47118,2,5
5.2,65,20,0,26511,1,1
3.2,43,29,2,37267,0,1
3.8,22,5,3,12824,1,2
6.0,65,6,2,27222,0,2
10.0,42,30,3,18139,0,7
1.4,53,1,1,7898,0,0
4.3,49,24,1,44451,1,6
9.3,36,26,1,27101,1,5
2.7,27,28,3,34753,1,5
6.0,31,12,0,48928,2,2
5.5,49,13,0,22031,1,1
7.0,47,5,3,3321,2,6
6.4,56,19,0,13160,1,1
2.2,54,23,3,22810,0,1
5.4,20,1,0,8278,0,2
6.6,31,12,2,27196,2,4
6.0,54,8,2,27283,0,2
7.3,35,22,0,8474,0,4
1.1,34,6,3,9724,2,5
4.8,57,6,1,21221,0,2
7.9,34,21,2,14377,2,4
1.5,54,17,2,26204,2,6
8.2,48,18,1,19546,1,6
2.8,23,4,1,39271,2,1
1.8,57,20,1,46559,0,1
4.8,38,6,1,42756,1,6
1.5,65,26,3,4794,0,1
7.6,29,17,0,8799,2,4
8.4,44,7,1,29343,2,4
7.3,56,7,3,28774,1,4
7.4,37,9,0,47215,2,4
3.5,30,23,3,9092,2,5
3.0,56,14,1,3593,0,1
8.5,55,11,0,25038,2,1
3.8,61,19,1,40931,2,2
4.8,28,2,0,46517,1,6
8.6,47,26,1,20902,1,5
7.9,60,13,3,803,0,4
8.1,36,20,3,4775,1,4
3.3,56,16,2,17686,2,1
5.7,35,4,3,14779,2,5
5.6,54,3,3,27854,1,6
8.7,24,3,1,17059,1,4
3.8,26,27,0,39198,0,4
8.4,30,28,3,36967,1,4
5.2,29,12,0,31950,1,6
9.4,60,6,0,4191,1,6
8.3,65,30,1,14186,2,4
3.3,51,1,1,47023,1,1
4.4,53,23,3,20701,1,2
5.0,61,1,3,18710,2,6
3.5,30,17,3,42427,2,5
5.6,63,30,0,3980,2,1
8.6,25,20,2,16111,2,5
6.6,42,27,1,12514,2,4
7.9,48,28,0,6325,0,1
5.4,23,5,0,24490,0,2
3.2,58,26,1,30266,0,1
6.9,45,26,2,40827,0,4
8.0,53,16,1,5821,0,4
1.6,44,12,0,8700,0,1
6.5,22,14,0,45266,0,2
3.9,22,29,2,44492,0,2
6.3,27,21,0,48633,1,2
3.8,57,4,2,23909,2,2
4.1,43,7,2,8918,2,2
2.4,25,27,1,5130,0,1
2.8,64,8,2,25816,0,1
9.8,20,30,0,31985,1,5
2.3,34,23,2,29594,0,1
8.2,27,28,1,18374,1,4
7.5,51,22,2,13332,1,4
2.7,41,30,1,7991,2,1
4.6,31,17,0,35278,1,6
8.8,29,27,2,14964,2,5
6.3,34,6,2,36297,0,2
4.4,30,4,0,37509,2,2
4.1,63,13,1,21043,1,6
8.2,42,6,1,25132,0,2
5.0,40,2,0,37496,2,2
3.9,65,17,3,40055,0,2
4.8,62,16,2,33344,2,6
9.1,30,10,0,42421,2,5
1.4,53,21,2,3397,1,1
5.6,50,7,3,42674,2,2
4.1,47,28,1,41994,0,2
4.5,65,12,2,33393,1,6
8.2,23,25,3,32182,0,4
7.0,42,19,1,36051,0,4
6.3,46,2,2,3605,0,5
6.7,31,23,0,21561,2,4
7.5,33,26,1,10644,1,4
3.8,56,28,3,46063,1,2
4.5,20,25,3,46636,0,4
6.4,40,18,0,49287,1,6
9.6,49,25,1,20826,1,5
8.9,34,9,0,10144,2,6
1.7,50,18,1,24745,0,1
1.1,43,27,0,8801,2,6
2.8,27,25,1,8559,0,1
5.6,58,20,0,28395,0,1
2.6,38,30,0,39949,2,1
5.7,53,21,1,41008,0,2
5.2,26,2,1,38407,2,5
5.7,61,17,2,26506,1,2
7.6,60,26,2,32021,1,4
9.1,27,29,0,9733,0,5
5.3,28,24,0,6573,2,6
3.6,61,27,1,30823,0,2
1.8,32,12,1,15807,1,6
9.3,23,29,0,6525,1,5
6.7,52,23,1,35255,0,4
9.2,20,27,2,6230,2,5
2.8,53,23,2,41339,0,1
4.6,53,10,2,30317,2,2
7.1,37,18,1,27711,0,4
9.6,36,24,1,43659,2,5
8.0,61,4,0,40329,1,1
3.8,19,4,1,43394,0,2
5.3,19,21,2,14116,1,2
5.9,51,10,0,28724,2,1
7.5,50,25,3,15492,2,6
7.7,29,3,0,37765,0,2
2.0,36,12,0,11443,2,6
2.2,52,7,1,47518,1,1
5.7,35,24,2,35440,0,2
6.7,48,10,2,33304,0,4
5.9,26,20,2,25506,2,2
8.9,48,14,1,42739,0,5
3.9,19,9,2,36359,0,2
3.9,33,18,3,3132,0,2
5.3,62,28,1,5267,0,2
8.7,18,25,0,3677,0,5
9.3,65,22,1,27159,1,5
9.0,49,1,1,28789,2,4
2.8,37,18,1,8567,1,6
2.5,65,23,2,41724,1,6
4.5,63,16,3,49317,2,2
4.8,60,17,0,11635,2,1
1.6,53,17,3,18547,2,1
3.5,65,13,0,20428,2,1
5.0,29,26,0,39534,1,6
7.6,65,5,2,7776,2,2
7.6,40,4,2,25542,1,2
2.7,55,25,3,10049,2,1
6.3,21,4,1,23086,2,2
2.7,52,11,2,19089,0,1
8.6,23,30,2,19367,1,5
5.7,53,22,3,40380,1,2
6.8,65,23,0,21775,2,1
4.1,32,15,2,20700,2,6
4.6,29,4,0,38435,2,3
6.5,33,13,1,37459,1,6
1.7,27,4,0,17612,0,3
6.9,33,28,2,47609,0,4
8.7,37,14,3,25662,1,5
6.0,33,27,2,25051,0,2
1.2,53,17,2,30947,0,1
5.4,43,4,1,7465,2,2
1.5,50,21,2,39670,0,1
6.8,64,20,1,17644,1,4
7.4,52,13,0,32260,2,1
3.0,62,17,0,21922,1,1
8.5,45,10,3,36756,1,4
7.0,21,30,3,5092,0,4
7.0,41,28,0,7134,0,4
6.7,43,15,2,36156,2,4
5.3,28,25,0,30664,0,2
4.0,59,15,0,19749,1,1
3.6,26,17,3,24764,1,4
3.8,62,16,0,23052,2,1
2.2,39,26,2,49657,1,6
3.1,53,23,3,24436,0,1
9.2,29,13,2,40606,1,7
1.4,64,25,3,22791,1,1
3.3,57,19,1,4034,1,1
4.8,44,3,2,37779,0,2
9.8,52,18,0,43710,0,1
7.0,53,17,1,20035,0,4
5.9,31,29,0,8176,0,2
9.9,56,6,0,23463,0,1
3.3,24,7,3,24621,0,5
6.4,31,11,3,30054,1,4
2.3,59,6,2,35808,1,1
7.6,47,4,3,733,2,2
9.0,50,24,2,29457,0,5
7.1,63,10,3,17467,2,4
7.8,44,17,2,19388,2,4
8.9,39,6,3,40075,1,4
1.8,34,16,0,20296,0,3
4.8,60,3,3,46521,2,6
9.6,37,12,3,3406,1,5
3.5,46,6,3,34517,0,1
5.4,45,14,3,8704,1,6
2.2,43,4,2,34600,2,6
6.2,22,18,1,25341,2,6
9.6,33,22,2,31669,2,7
3.9,42,20,0,3216,1,6
7.2,43,15,0,40598,0,4
9.2,35,10,1,49651,2,5
3.9,57,1,0,28020,2,1
9.7,22,23,2,9420,1,5
9.0,62,13,0,8400,2,1
6.7,29,14,3,5035,1,4
9.4,24,29,0,13453,0,5
1.2,37,2,1,798,0,0
7.8,42,18,1,41370,1,4
7.4,20,7,2,46956,2,4
6.6,21,24,0,19419,0,4
8.1,49,5,3,17616,1,6
6.8,62,8,2,5736,1,4
2.9,42,28,1,25776,0,1
7.6,54,11,1,31643,0,4
2.2,28,1,2,13923,1,0
5.7,51,27,3,23351,1,2
7.0,38,16,3,40286,1,6
1.6,50,2,0,33625,2,1
2.1,52,2,0,6543,2,1
2.7,26,26,3,41511,0,5
6.0,63,22,3,47925,1,4
4.9,34,15,2,6094,0,2
7.0,49,14,2,31325,0,4
1.2,62,8,0,44828,2,1
8.5,50,1,3,27076,1,2
1.2,18,10,3,19512,2,6
3.8,26,9,3,10775,1,5
9.2,25,9,1,14346,1,6
6.0,54,27,1,4044,1,2
8.1,18,11,0,34936,1,4
3.1,57,15,2,5626,2,1
6.5,35,14,3,44421,0,4
7.9,58,10,3,37001,2,4
4.5,21,19,2,39739,1,2
1.1,50,8,2,31365,1,1
4.9,19,29,1,19260,2,6
1.2,44,25,1,22678,0,1
5.8,41,30,0,32356,2,6
9.0,22,18,1,25069,0,5
9.2,43,22,1,20340,0,5
2.0,55,10,1,38513,0,1
1.7,21,30,0,29730,1,6
4.9,63,14,3,48932,1,6
5.5,41,30,2,13600,2,4
6.3,61,22,1,30590,0,2
2.2,25,7,3,45752,2,5
4.2,41,27,1,49061,2,6
7.4,22,30,0,28779,2,4
6.7,48,22,2,34290,1,4
4.5,62,14,3,12428,1,2
4.9,30,26,3,19836,1,4
4.6,22,29,1,3175,0,2
2.3,28,16,2,20343,0,1
1.5,46,6,1,13069,0,1
1.3,51,18,2,43233,1,6
7.5,30,20,3,17007,1,4
3.8,49,9,0,46806,2,1
3.7,43,13,2,32182,2,2
3.1,52,3,0,2308,1,1
3.9,21,16,1,29145,2,2
9.2,20,2,2,1291,1,4
9.7,43,26,2,15918,1,5
8.2,55,13,3,40979,1,6
2.4,55,23,3,2581,0,1
9.9,65,22,2,48036,1,7
7.9,44,25,0,20317,1,6
7.1,47,25,1,4088,1,4
6.6,23,26,1,32508,1,4
8.7,38,12,2,30666,1,5
8.8,57,18,3,22862,0,5
5.7,26,27,2,47464,1,6
3.6,57,4,2,2935,0,3
1.8,32,7,0,7786,1,6
9.9,58,30,0,3461,1,5
3.9,34,9,1,23000,2,3
6.7,19,26,0,42028,0,4
7.7,48,2,1,30411,2,2
2.4,48,2,1,43962,0,0
1.2,25,29,3,23857,0,5
9.6,65,26,1,34548,0,5
9.6,22,17,1,11452,1,5
3.6,30,3,2,18710,2,6
1.0,41,4,0,39776,1,6
4.1,57,26,3,48038,0,2
3.5,42,27,2,15302,2,1
1.1,45,6,1,26928,0,1
2.1,65,3,2,7483,2,0
2.3,35,20,0,25114,2,1
6.1,61,5,0,25097,2,3
8.2,64,4,2,13639,2,6
2.2,36,12,3,48675,0,1
1.8,28,20,2,32489,1,6
9.7,22,28,0,49367,0,5
10.0,26,8,1,9701,1,6
6.1,47,25,3,4436,2,2
7.1,53,15,0,7742,1,4
8.2,39,21,0,24442,0,4
1.1,18,5,1,36304,2,6
5.9,48,17,2,41567,2,6
2.0,53,3,2,3348,1,0
7.3,42,7,0,34505,0,4
6.8,58,19,0,14635,1,1
4.7,61,8,2,22581,2,3
6.2,39,6,1,4851,0,2
6.1,42,21,1,43837,2,2
4.4,33,26,3,6353,2,4
7.1,65,3,3,13798,1,2
4.0,24,25,0,829,0,2
3.4,20,6,0,26633,2,6
8.2,18,22,2,30090,0,4
2.5,18,18,3,15906,0,5
7.6,56,30,3,24067,1,4
1.3,26,5,0,2819,0,1
7.4,30,25,1,43352,1,4
3.1,30,8,1,8734,0,1
3.6,40,8,0,15272,1,2
2.3,38,2,0,48054,2,0
2.4,39,14,2,31001,2,6
8.1,57,2,1,29480,0,2
5.1,43,13,3,34982,2,2
7.8,39,12,1,4981,0,4
3.4,38,15,2,16238,2,6
9.3,28,8,2,41964,1,4
5.3,29,8,2,28240,0,2
2.2,18,15,0,7135,1,6
8.3,58,1,1,48106,2,2
7.0,63,20,3,18626,2,4
8.0,59,19,3,49309,0,4
7.8,21,25,0,36794,2,4
9.4,62,19,0,28750,1,1
9.6,30,21,2,27950,1,5
4.3,25,1,1,40352,2,4
4.7,20,29,1,36328,1,6
9.3,27,21,0,6230,2,5
9.8,45,4,0,3400,2,6
4.4,46,9,3,24376,0,2
2.2,39,21,1,35840,2,6
3.4,47,11,1,44308,1,6
8.2,52,27,3,36521,1,4
8.4,31,26,1,29155,1,4
6.3,37,5,0,4029,0,2
3.3,21,12,2,12379,2,6
2.5,24,18,1,48474,0,1
2.0,25,10,3,30242,2,5
6.8,56,25,2,37449,1,4
2.3,18,3,1,30860,1,6
6.8,60,5,3,39190,1,6
3.8,21,7,3,8032,1,2
7.0,65,18,2,32202,1,4
6.5,28,16,3,41335,0,2
8.7,39,16,1,3974,0,5
2.2,29,21,0,37381,0,1
8.8,64,18,0,21101,1,1
5.6,41,1,1,2216,1,5
2.9,23,2,2,45351,2,0
2.2,30,22,1,17735,1,6
4.0,21,9,2,25031,2,6
2.6,24,13,2,49560,1,1
5.3,51,11,3,24996,0,2
9.9,53,28,1,18659,0,5
2.3,52,18,0,4172,0,1
1.4,24,12,2,35632,1,1
9.2,41,18,3,44514,0,5
1.8,38,11,0,44084,1,1
2.2,52,9,3,37857,2,1
8.5,61,20,3,41820,2,4
2.7,43,21,2,44607,2,3
8.6,29,24,0,23592,0,5
2.4,29,7,0,32643,2,1
4.4,54,19,0,42771,2,1
7.6,44,29,3,30868,0,4
2.1,29,26,0,27898,1,1
9.1,63,18,3,17652,0,5
3.1,26,26,2,4071,2,1
8.3,53,12,3,34256,2,4
1.5,52,24,0,21209,0,1
4.0,25,11,0,14917,1,6
3.1,58,14,3,18057,2,6
3.0,20,21,3,43178,1,5
3.4,43,30,0,33424,2,6
6.3,61,3,0,20641,0,1
4.2,48,3,2,17261,1,6
8.9,58,19,1,32523,1,7
3.3,43,12,1,31495,0,1
2.8,23,10,3,26016,2,5
4.3,42,18,0,27900,0,4
9.5,18,18,1,6961,2,5
3.5,49,9,3,20394,0,1
1.5,56,2,2,28192,0,0
6.9,62,15,0,25188,0,4
6.6,47,5,3,8616,2,6
1.2,56,27,2,985,0,1
8.8,48,21,3,39818,1,7
5.5,23,6,1,19703,1,2
2.6,49,24,2,41501,2,6
1.7,30,10,3,39146,1,5
4.6,27,21,0,21526,0,2
5.4,37,12,0,36879,1,6
9.5,34,5,1,37426,2,4
2.1,60,6,2,5855,1,6
8.4,54,23,1,30673,1,6
5.0,23,26,2,39233,0,2
8.7,61,23,2,28186,0,5
9.3,31,15,2,16690,1,5
1.9,43,3,2,10137,1,1
6.5,30,22,3,40301,0,4
2.1,20,30,2,33458,1,1
7.5,41,27,2,41226,1,4
1.5,33,17,2,16160,0,1
9.0,59,4,1,30811,1,6
3.6,28,18,1,48145,2,6
8.7,64,22,3,19228,2,5
3.5,60,28,2,45345,1,1
8.2,51,23,3,44018,2,4
8.3,55,19,3,49785,0,4
3.5,26,20,3,21809,1,5
8.4,51,2,2,18515,0,2
2.5,57,25,0,43783,1,1
9.3,42,19,2,16237,0,7
6.3,63,13,0,9853,2,1
8.8,18,9,0,31978,1,6
2.8,57,19,1,4716,1,6
4.5,45,17,2,48493,1,2
1.3,54,17,3,35109,1,6
4.2,39,15,0,12489,2,6
5.6,26,15,0,35149,2,6
1.7,55,8,2,10059,1,1
9.3,45,23,3,10635,2,5
5.8,64,25,3,25581,1,2
5.2,38,22,1,31211,1,2
8.2,58,5,0,22047,0,1
4.1,21,14,3,10507,2,5
8.4,55,30,1,48421,0,4
9.1,65,30,0,35780,1,1
7.6,39,7,2,4589,2,4
6.6,52,20,2,45548,0,4
7.5,55,18,2,47554,1,4
2.6,21,23,3,11648,1,4
1.7,65,22,1,3988,2,6
1.6,41,11,0,31101,0,1
2.4,65,25,0,30796,0,1
5.0,60,29,0,28239,0,1
3.3,23,15,3,24238,2,4
5.9,57,22,3,22637,1,6
1.7,51,28,2,34712,1,1
2.0,20,13,2,25650,1,6
5.1,63,27,2,17214,1,2
9.4,24,21,0,46976,1,7
3.6,29,17,2,41604,0,2
5.6,25,30,1,30608,0,2
1.8,47,18,1,41611,1,6
3.5,27,18,1,10426,1,1
1.0,53,26,2,41099,1,6
6.4,64,10,0,25402,2,3
6.9,46,10,1,18428,1,4
5.5,52,1,3,27118,0,2
4.6,43,11,2,9259,2,6
3.5,22,30,2,33139,2,1
4.1,25,4,3,49448,0,2
3.1,39,30,2,45068,0,3
5.2,31,6,2,12268,1,2
4.9,52,27,0,31998,1,1
3.8,57,12,0,42253,0,2
7.7,35,2,1,33491,2,2
7.1,62,16,1,42483,1,4
3.4,38,20,3,1182,0,1
3.1,47,1,0,31607,1,1
4.2,41,24,2,22446,1,6
4.9,46,27,1,45956,1,2
6.2,50,3,1,45973,1,6
6.6,63,1,0,26787,0,1
1.3,59,10,1,47917,2,1
7.7,19,9,2,14765,0,4
8.7,34,18,3,25894,0,5
1.4,40,30,2,9503,2,6
6.4,58,11,2,26654,2,6
1.5,59,4,1,32851,2,6
5.2,53,26,0,36496,0,1
1.9,26,4,2,28852,0,3
7.9,49,1,3,38913,0,2
6.1,61,6,0,32509,2,3
6.3,57,24,1,38904,0,2
